<?xml version="1.0" encoding="US-ASCII"?>
<!--XBRL Document Created with Wdesk from Workiva, formerly WebFilings-->
<!-- -->
<linkbase xsi:schemaLocation="http://www.xbrl.org/2003/linkbase http://www.xbrl.org/2003/xbrl-linkbase-2003-12-31.xsd" xmlns="http://www.xbrl.org/2003/linkbase" xmlns:xlink="http://www.w3.org/1999/xlink" xmlns:xsi="http://www.w3.org/2001/XMLSchema-instance">
  <roleRef roleURI="http://www.corelab.com/role/Acquisitions" xlink:href="clb-20141231.xsd#Acquisitions" xlink:type="simple" />
  <roleRef roleURI="http://www.corelab.com/role/AcquisitionsDetails" xlink:href="clb-20141231.xsd#AcquisitionsDetails" xlink:type="simple" />
  <roleRef roleURI="http://www.corelab.com/role/AcquisitionsTables" xlink:href="clb-20141231.xsd#AcquisitionsTables" xlink:type="simple" />
  <roleRef roleURI="http://www.corelab.com/role/CommitmentsAndContingencies" xlink:href="clb-20141231.xsd#CommitmentsAndContingencies" xlink:type="simple" />
  <roleRef roleURI="http://www.corelab.com/role/CommitmentsAndContingenciesDetails" xlink:href="clb-20141231.xsd#CommitmentsAndContingenciesDetails" xlink:type="simple" />
  <roleRef roleURI="http://www.corelab.com/role/CommitmentsAndContingenciesTables" xlink:href="clb-20141231.xsd#CommitmentsAndContingenciesTables" xlink:type="simple" />
  <roleRef roleURI="http://www.corelab.com/role/ConsolidatedBalanceSheets" xlink:href="clb-20141231.xsd#ConsolidatedBalanceSheets" xlink:type="simple" />
  <roleRef roleURI="http://www.corelab.com/role/ConsolidatedBalanceSheetsBalanceSheetParenthetical" xlink:href="clb-20141231.xsd#ConsolidatedBalanceSheetsBalanceSheetParenthetical" xlink:type="simple" />
  <roleRef roleURI="http://www.corelab.com/role/ConsolidatedStatementOfOtherComprehensiveIncome" xlink:href="clb-20141231.xsd#ConsolidatedStatementOfOtherComprehensiveIncome" xlink:type="simple" />
  <roleRef roleURI="http://www.corelab.com/role/DebtAndCapitalLeaseObligations" xlink:href="clb-20141231.xsd#DebtAndCapitalLeaseObligations" xlink:type="simple" />
  <roleRef roleURI="http://www.corelab.com/role/DebtAndCapitalLeaseObligationsDetails" xlink:href="clb-20141231.xsd#DebtAndCapitalLeaseObligationsDetails" xlink:type="simple" />
  <roleRef roleURI="http://www.corelab.com/role/DebtAndCapitalLeaseObligationsTables" xlink:href="clb-20141231.xsd#DebtAndCapitalLeaseObligationsTables" xlink:type="simple" />
  <roleRef roleURI="http://www.corelab.com/role/DeiDocument" xlink:href="clb-20141231.xsd#DeiDocument" xlink:type="simple" />
  <roleRef roleURI="http://www.corelab.com/role/DerivativeInstrumentsDerivativeGainLossDetails" xlink:href="clb-20141231.xsd#DerivativeInstrumentsDerivativeGainLossDetails" xlink:type="simple" />
  <roleRef roleURI="http://www.corelab.com/role/DerivativeInstrumentsDetails" xlink:href="clb-20141231.xsd#DerivativeInstrumentsDetails" xlink:type="simple" />
  <roleRef roleURI="http://www.corelab.com/role/DerivativeInstrumentsNotes" xlink:href="clb-20141231.xsd#DerivativeInstrumentsNotes" xlink:type="simple" />
  <roleRef roleURI="http://www.corelab.com/role/DerivativeInstrumentsTables" xlink:href="clb-20141231.xsd#DerivativeInstrumentsTables" xlink:type="simple" />
  <roleRef roleURI="http://www.corelab.com/role/DescriptionOfBusiness" xlink:href="clb-20141231.xsd#DescriptionOfBusiness" xlink:type="simple" />
  <roleRef roleURI="http://www.corelab.com/role/DescriptionOfBusinessDetails" xlink:href="clb-20141231.xsd#DescriptionOfBusinessDetails" xlink:type="simple" />
  <roleRef roleURI="http://www.corelab.com/role/DescriptionOfBusinessTables" xlink:href="clb-20141231.xsd#DescriptionOfBusinessTables" xlink:type="simple" />
  <roleRef roleURI="http://www.corelab.com/role/Equity" xlink:href="clb-20141231.xsd#Equity" xlink:type="simple" />
  <roleRef roleURI="http://www.corelab.com/role/EquityDetails" xlink:href="clb-20141231.xsd#EquityDetails" xlink:type="simple" />
  <roleRef roleURI="http://www.corelab.com/role/EquityTables" xlink:href="clb-20141231.xsd#EquityTables" xlink:type="simple" />
  <roleRef roleURI="http://www.corelab.com/role/FinancialInstrumentsDetails" xlink:href="clb-20141231.xsd#FinancialInstrumentsDetails" xlink:type="simple" />
  <roleRef roleURI="http://www.corelab.com/role/FinancialInstrumentsNotes" xlink:href="clb-20141231.xsd#FinancialInstrumentsNotes" xlink:type="simple" />
  <roleRef roleURI="http://www.corelab.com/role/FinancialInstrumentsTables" xlink:href="clb-20141231.xsd#FinancialInstrumentsTables" xlink:type="simple" />
  <roleRef roleURI="http://www.corelab.com/role/Goodwill" xlink:href="clb-20141231.xsd#Goodwill" xlink:type="simple" />
  <roleRef roleURI="http://www.corelab.com/role/GoodwillDetails" xlink:href="clb-20141231.xsd#GoodwillDetails" xlink:type="simple" />
  <roleRef roleURI="http://www.corelab.com/role/GoodwillTables" xlink:href="clb-20141231.xsd#GoodwillTables" xlink:type="simple" />
  <roleRef roleURI="http://www.corelab.com/role/IncomeTaxes" xlink:href="clb-20141231.xsd#IncomeTaxes" xlink:type="simple" />
  <roleRef roleURI="http://www.corelab.com/role/IncomeTaxesDeferredTaxAssetsLiabilitiesDetails" xlink:href="clb-20141231.xsd#IncomeTaxesDeferredTaxAssetsLiabilitiesDetails" xlink:type="simple" />
  <roleRef roleURI="http://www.corelab.com/role/IncomeTaxesDetails" xlink:href="clb-20141231.xsd#IncomeTaxesDetails" xlink:type="simple" />
  <roleRef roleURI="http://www.corelab.com/role/IncomeTaxesEquityDetails" xlink:href="clb-20141231.xsd#IncomeTaxesEquityDetails" xlink:type="simple" />
  <roleRef roleURI="http://www.corelab.com/role/IncomeTaxesIncomeBeforeIncomeTaxesDetails" xlink:href="clb-20141231.xsd#IncomeTaxesIncomeBeforeIncomeTaxesDetails" xlink:type="simple" />
  <roleRef roleURI="http://www.corelab.com/role/IncomeTaxesIncomeTaxContingencyDetails" xlink:href="clb-20141231.xsd#IncomeTaxesIncomeTaxContingencyDetails" xlink:type="simple" />
  <roleRef roleURI="http://www.corelab.com/role/IncomeTaxesIncomeTaxExpenseIncomeTaxReconciliationDetails" xlink:href="clb-20141231.xsd#IncomeTaxesIncomeTaxExpenseIncomeTaxReconciliationDetails" xlink:type="simple" />
  <roleRef roleURI="http://www.corelab.com/role/IncomeTaxesSummaryOfValuationAllowanceDetails" xlink:href="clb-20141231.xsd#IncomeTaxesSummaryOfValuationAllowanceDetails" xlink:type="simple" />
  <roleRef roleURI="http://www.corelab.com/role/IncomeTaxesTables" xlink:href="clb-20141231.xsd#IncomeTaxesTables" xlink:type="simple" />
  <roleRef roleURI="http://www.corelab.com/role/Intangibles" xlink:href="clb-20141231.xsd#Intangibles" xlink:type="simple" />
  <roleRef roleURI="http://www.corelab.com/role/IntangiblesDetails" xlink:href="clb-20141231.xsd#IntangiblesDetails" xlink:type="simple" />
  <roleRef roleURI="http://www.corelab.com/role/IntangiblesTables" xlink:href="clb-20141231.xsd#IntangiblesTables" xlink:type="simple" />
  <roleRef roleURI="http://www.corelab.com/role/Inventories" xlink:href="clb-20141231.xsd#Inventories" xlink:type="simple" />
  <roleRef roleURI="http://www.corelab.com/role/InventoriesDetails" xlink:href="clb-20141231.xsd#InventoriesDetails" xlink:type="simple" />
  <roleRef roleURI="http://www.corelab.com/role/InventoriesTables" xlink:href="clb-20141231.xsd#InventoriesTables" xlink:type="simple" />
  <roleRef roleURI="http://www.corelab.com/role/OtherIncomeExpense" xlink:href="clb-20141231.xsd#OtherIncomeExpense" xlink:type="simple" />
  <roleRef roleURI="http://www.corelab.com/role/OtherIncomeExpenseDetails" xlink:href="clb-20141231.xsd#OtherIncomeExpenseDetails" xlink:type="simple" />
  <roleRef roleURI="http://www.corelab.com/role/OtherIncomeExpenseForeignCurrencyGainLossByCurrencyDetails" xlink:href="clb-20141231.xsd#OtherIncomeExpenseForeignCurrencyGainLossByCurrencyDetails" xlink:type="simple" />
  <roleRef roleURI="http://www.corelab.com/role/OtherIncomeExpenseTables" xlink:href="clb-20141231.xsd#OtherIncomeExpenseTables" xlink:type="simple" />
  <roleRef roleURI="http://www.corelab.com/role/PensionAndOtherPostretirementBenefitPlans" xlink:href="clb-20141231.xsd#PensionAndOtherPostretirementBenefitPlans" xlink:type="simple" />
  <roleRef roleURI="http://www.corelab.com/role/PensionAndOtherPostretirementBenefitPlansComponentsOfNetPeriodicPensionCostsDetails" xlink:href="clb-20141231.xsd#PensionAndOtherPostretirementBenefitPlansComponentsOfNetPeriodicPensionCostsDetails" xlink:type="simple" />
  <roleRef roleURI="http://www.corelab.com/role/PensionAndOtherPostretirementBenefitPlansDeferredCompensationArrangementsDetails" xlink:href="clb-20141231.xsd#PensionAndOtherPostretirementBenefitPlansDeferredCompensationArrangementsDetails" xlink:type="simple" />
  <roleRef roleURI="http://www.corelab.com/role/PensionAndOtherPostretirementBenefitPlansDefinedContributionPlansDetails" xlink:href="clb-20141231.xsd#PensionAndOtherPostretirementBenefitPlansDefinedContributionPlansDetails" xlink:type="simple" />
  <roleRef roleURI="http://www.corelab.com/role/PensionAndOtherPostretirementBenefitPlansDetails" xlink:href="clb-20141231.xsd#PensionAndOtherPostretirementBenefitPlansDetails" xlink:type="simple" />
  <roleRef roleURI="http://www.corelab.com/role/PensionAndOtherPostretirementBenefitPlansScheduleOfAmountsRecognizedInBalanceSheetDetails" xlink:href="clb-20141231.xsd#PensionAndOtherPostretirementBenefitPlansScheduleOfAmountsRecognizedInBalanceSheetDetails" xlink:type="simple" />
  <roleRef roleURI="http://www.corelab.com/role/PensionAndOtherPostretirementBenefitPlansScheduleOfExpectedBenefitPaymentsDetails" xlink:href="clb-20141231.xsd#PensionAndOtherPostretirementBenefitPlansScheduleOfExpectedBenefitPaymentsDetails" xlink:type="simple" />
  <roleRef roleURI="http://www.corelab.com/role/PensionAndOtherPostretirementBenefitPlansTables" xlink:href="clb-20141231.xsd#PensionAndOtherPostretirementBenefitPlansTables" xlink:type="simple" />
  <roleRef roleURI="http://www.corelab.com/role/PropertyPlantAndEquipment" xlink:href="clb-20141231.xsd#PropertyPlantAndEquipment" xlink:type="simple" />
  <roleRef roleURI="http://www.corelab.com/role/PropertyPlantAndEquipmentDetails" xlink:href="clb-20141231.xsd#PropertyPlantAndEquipmentDetails" xlink:type="simple" />
  <roleRef roleURI="http://www.corelab.com/role/PropertyPlantAndEquipmentTables" xlink:href="clb-20141231.xsd#PropertyPlantAndEquipmentTables" xlink:type="simple" />
  <roleRef roleURI="http://www.corelab.com/role/SegmentReporting" xlink:href="clb-20141231.xsd#SegmentReporting" xlink:type="simple" />
  <roleRef roleURI="http://www.corelab.com/role/SegmentReportingDetails" xlink:href="clb-20141231.xsd#SegmentReportingDetails" xlink:type="simple" />
  <roleRef roleURI="http://www.corelab.com/role/SegmentReportingRevenueByProductSalesAndServicesDetails" xlink:href="clb-20141231.xsd#SegmentReportingRevenueByProductSalesAndServicesDetails" xlink:type="simple" />
  <roleRef roleURI="http://www.corelab.com/role/SegmentReportingScheduleOfRevenuesFromExternalCustomersAndLongLivedAssetsDetails" xlink:href="clb-20141231.xsd#SegmentReportingScheduleOfRevenuesFromExternalCustomersAndLongLivedAssetsDetails" xlink:type="simple" />
  <roleRef roleURI="http://www.corelab.com/role/SegmentReportingTables" xlink:href="clb-20141231.xsd#SegmentReportingTables" xlink:type="simple" />
  <roleRef roleURI="http://www.corelab.com/role/SignificantAccountingPolicies" xlink:href="clb-20141231.xsd#SignificantAccountingPolicies" xlink:type="simple" />
  <roleRef roleURI="http://www.corelab.com/role/SignificantAccountingPoliciesAccountsReceivableDetails" xlink:href="clb-20141231.xsd#SignificantAccountingPoliciesAccountsReceivableDetails" xlink:type="simple" />
  <roleRef roleURI="http://www.corelab.com/role/SignificantAccountingPoliciesDerivativeInstrumentsPolicyPolicies" xlink:href="clb-20141231.xsd#SignificantAccountingPoliciesDerivativeInstrumentsPolicyPolicies" xlink:type="simple" />
  <roleRef roleURI="http://www.corelab.com/role/SignificantAccountingPoliciesDetails" xlink:href="clb-20141231.xsd#SignificantAccountingPoliciesDetails" xlink:type="simple" />
  <roleRef roleURI="http://www.corelab.com/role/SignificantAccountingPoliciesForeignCurrencyDetails" xlink:href="clb-20141231.xsd#SignificantAccountingPoliciesForeignCurrencyDetails" xlink:type="simple" />
  <roleRef roleURI="http://www.corelab.com/role/SignificantAccountingPoliciesOtherAssetsDetails" xlink:href="clb-20141231.xsd#SignificantAccountingPoliciesOtherAssetsDetails" xlink:type="simple" />
  <roleRef roleURI="http://www.corelab.com/role/SignificantAccountingPoliciesPolicies" xlink:href="clb-20141231.xsd#SignificantAccountingPoliciesPolicies" xlink:type="simple" />
  <roleRef roleURI="http://www.corelab.com/role/SignificantAccountingPoliciesTables" xlink:href="clb-20141231.xsd#SignificantAccountingPoliciesTables" xlink:type="simple" />
  <roleRef roleURI="http://www.corelab.com/role/StatementOfCashFlows" xlink:href="clb-20141231.xsd#StatementOfCashFlows" xlink:type="simple" />
  <roleRef roleURI="http://www.corelab.com/role/StatementOfIncome" xlink:href="clb-20141231.xsd#StatementOfIncome" xlink:type="simple" />
  <roleRef roleURI="http://www.corelab.com/role/StatementOfShareholdersEquity" xlink:href="clb-20141231.xsd#StatementOfShareholdersEquity" xlink:type="simple" />
  <roleRef roleURI="http://www.corelab.com/role/StockBasedCompensation" xlink:href="clb-20141231.xsd#StockBasedCompensation" xlink:type="simple" />
  <roleRef roleURI="http://www.corelab.com/role/StockBasedCompensationDetails" xlink:href="clb-20141231.xsd#StockBasedCompensationDetails" xlink:type="simple" />
  <roleRef roleURI="http://www.corelab.com/role/StockBasedCompensationEmployeeServiceShareBasedCompensationAllocationOfCostsDetails" xlink:href="clb-20141231.xsd#StockBasedCompensationEmployeeServiceShareBasedCompensationAllocationOfCostsDetails" xlink:type="simple" />
  <roleRef roleURI="http://www.corelab.com/role/StockBasedCompensationShareBasedCompensationByPaymentAwardDetails" xlink:href="clb-20141231.xsd#StockBasedCompensationShareBasedCompensationByPaymentAwardDetails" xlink:type="simple" />
  <roleRef roleURI="http://www.corelab.com/role/StockBasedCompensationStockBasedCompensationPhantomDetails" xlink:href="clb-20141231.xsd#StockBasedCompensationStockBasedCompensationPhantomDetails" xlink:type="simple" />
  <roleRef roleURI="http://www.corelab.com/role/StockBasedCompensationTables" xlink:href="clb-20141231.xsd#StockBasedCompensationTables" xlink:type="simple" />
  <roleRef roleURI="http://www.corelab.com/role/UnauditedSelectedQuarterlyResultsOfOperations" xlink:href="clb-20141231.xsd#UnauditedSelectedQuarterlyResultsOfOperations" xlink:type="simple" />
  <roleRef roleURI="http://www.corelab.com/role/UnauditedSelectedQuarterlyResultsOfOperationsDetails" xlink:href="clb-20141231.xsd#UnauditedSelectedQuarterlyResultsOfOperationsDetails" xlink:type="simple" />
  <roleRef roleURI="http://www.corelab.com/role/UnauditedSelectedQuarterlyResultsOfOperationsTables" xlink:href="clb-20141231.xsd#UnauditedSelectedQuarterlyResultsOfOperationsTables" xlink:type="simple" />
  <calculationLink xlink:role="http://www.corelab.com/role/Acquisitions" xlink:type="extended" />
  <calculationLink xlink:role="http://www.corelab.com/role/AcquisitionsDetails" xlink:type="extended" />
  <calculationLink xlink:role="http://www.corelab.com/role/AcquisitionsTables" xlink:type="extended" />
  <calculationLink xlink:role="http://www.corelab.com/role/CommitmentsAndContingencies" xlink:type="extended" />
  <calculationLink xlink:role="http://www.corelab.com/role/CommitmentsAndContingenciesDetails" xlink:type="extended" />
  <calculationLink xlink:role="http://www.corelab.com/role/CommitmentsAndContingenciesTables" xlink:type="extended" />
  <calculationLink xlink:role="http://www.corelab.com/role/ConsolidatedBalanceSheets" xlink:type="extended">
    <loc xlink:href="http://xbrl.fasb.org/us-gaap/2013/elts/us-gaap-2013-01-31.xsd#us-gaap_LiabilitiesAndStockholdersEquity" xlink:label="loc_us-gaap_LiabilitiesAndStockholdersEquity_6e1ed1d0-9656-11e2-88e7-12313d1a0274" xlink:type="locator" />
    <loc xlink:href="http://xbrl.fasb.org/us-gaap/2013/elts/us-gaap-2013-01-31.xsd#us-gaap_LiabilitiesCurrent" xlink:label="loc_us-gaap_LiabilitiesCurrent_6e17fb62-9656-11e2-88e7-12313d1a0274" xlink:type="locator" />
    <calculationArc order="1" weight="1" xlink:arcrole="http://www.xbrl.org/2003/arcrole/summation-item" xlink:from="loc_us-gaap_LiabilitiesAndStockholdersEquity_6e1ed1d0-9656-11e2-88e7-12313d1a0274" xlink:to="loc_us-gaap_LiabilitiesCurrent_6e17fb62-9656-11e2-88e7-12313d1a0274" xlink:type="arc" />
    <loc xlink:href="http://xbrl.fasb.org/us-gaap/2013/elts/us-gaap-2013-01-31.xsd#us-gaap_AccountsPayableCurrent" xlink:label="loc_us-gaap_AccountsPayableCurrent_05630b34-9656-11e2-88e7-12313d1a0274" xlink:type="locator" />
    <calculationArc order="1" weight="1" xlink:arcrole="http://www.xbrl.org/2003/arcrole/summation-item" xlink:from="loc_us-gaap_LiabilitiesCurrent_6e17fb62-9656-11e2-88e7-12313d1a0274" xlink:to="loc_us-gaap_AccountsPayableCurrent_05630b34-9656-11e2-88e7-12313d1a0274" xlink:type="arc" />
    <loc xlink:href="http://xbrl.fasb.org/us-gaap/2013/elts/us-gaap-2013-01-31.xsd#us-gaap_EmployeeRelatedLiabilitiesCurrent" xlink:label="loc_us-gaap_EmployeeRelatedLiabilitiesCurrent_40740782-9656-11e2-88e7-12313d1a0274" xlink:type="locator" />
    <calculationArc order="2" weight="1" xlink:arcrole="http://www.xbrl.org/2003/arcrole/summation-item" xlink:from="loc_us-gaap_LiabilitiesCurrent_6e17fb62-9656-11e2-88e7-12313d1a0274" xlink:to="loc_us-gaap_EmployeeRelatedLiabilitiesCurrent_40740782-9656-11e2-88e7-12313d1a0274" xlink:type="arc" />
    <loc xlink:href="http://xbrl.fasb.org/us-gaap/2013/elts/us-gaap-2013-01-31.xsd#us-gaap_SalesAndExciseTaxPayableCurrent" xlink:label="loc_us-gaap_SalesAndExciseTaxPayableCurrent_a74ed86a-9656-11e2-88e7-12313d1a0274" xlink:type="locator" />
    <calculationArc order="3" weight="1" xlink:arcrole="http://www.xbrl.org/2003/arcrole/summation-item" xlink:from="loc_us-gaap_LiabilitiesCurrent_6e17fb62-9656-11e2-88e7-12313d1a0274" xlink:to="loc_us-gaap_SalesAndExciseTaxPayableCurrent_a74ed86a-9656-11e2-88e7-12313d1a0274" xlink:type="arc" />
    <loc xlink:href="http://xbrl.fasb.org/us-gaap/2013/elts/us-gaap-2013-01-31.xsd#us-gaap_DeferredRevenueCurrent" xlink:label="loc_us-gaap_DeferredRevenueCurrent_2a991f10-9656-11e2-88e7-12313d1a0274" xlink:type="locator" />
    <calculationArc order="4" weight="1" xlink:arcrole="http://www.xbrl.org/2003/arcrole/summation-item" xlink:from="loc_us-gaap_LiabilitiesCurrent_6e17fb62-9656-11e2-88e7-12313d1a0274" xlink:to="loc_us-gaap_DeferredRevenueCurrent_2a991f10-9656-11e2-88e7-12313d1a0274" xlink:type="arc" />
    <loc xlink:href="http://xbrl.fasb.org/us-gaap/2013/elts/us-gaap-2013-01-31.xsd#us-gaap_TaxesPayableCurrent" xlink:label="loc_us-gaap_TaxesPayableCurrent_b033a91a-9656-11e2-88e7-12313d1a0274" xlink:type="locator" />
    <calculationArc order="5" weight="1" xlink:arcrole="http://www.xbrl.org/2003/arcrole/summation-item" xlink:from="loc_us-gaap_LiabilitiesCurrent_6e17fb62-9656-11e2-88e7-12313d1a0274" xlink:to="loc_us-gaap_TaxesPayableCurrent_b033a91a-9656-11e2-88e7-12313d1a0274" xlink:type="arc" />
    <loc xlink:href="http://xbrl.fasb.org/us-gaap/2013/elts/us-gaap-2013-01-31.xsd#us-gaap_OtherAccruedLiabilitiesCurrent" xlink:label="loc_us-gaap_OtherAccruedLiabilitiesCurrent_86fe726e-9656-11e2-88e7-12313d1a0274" xlink:type="locator" />
    <calculationArc order="6" weight="1" xlink:arcrole="http://www.xbrl.org/2003/arcrole/summation-item" xlink:from="loc_us-gaap_LiabilitiesCurrent_6e17fb62-9656-11e2-88e7-12313d1a0274" xlink:to="loc_us-gaap_OtherAccruedLiabilitiesCurrent_86fe726e-9656-11e2-88e7-12313d1a0274" xlink:type="arc" />
    <loc xlink:href="http://xbrl.fasb.org/us-gaap/2013/elts/us-gaap-2013-01-31.xsd#us-gaap_LongTermDebtAndCapitalLeaseObligations" xlink:label="loc_us-gaap_LongTermDebtAndCapitalLeaseObligations_758ffbec-9656-11e2-88e7-12313d1a0274" xlink:type="locator" />
    <calculationArc order="2" weight="1" xlink:arcrole="http://www.xbrl.org/2003/arcrole/summation-item" xlink:from="loc_us-gaap_LiabilitiesAndStockholdersEquity_6e1ed1d0-9656-11e2-88e7-12313d1a0274" xlink:to="loc_us-gaap_LongTermDebtAndCapitalLeaseObligations_758ffbec-9656-11e2-88e7-12313d1a0274" xlink:type="arc" />
    <loc xlink:href="http://xbrl.fasb.org/us-gaap/2013/elts/us-gaap-2013-01-31.xsd#us-gaap_DeferredCompensationLiabilityClassifiedNoncurrent" xlink:label="loc_us-gaap_DeferredCompensationLiabilityClassifiedNoncurrent_2bcf7050-9656-11e2-88e7-12313d1a0274" xlink:type="locator" />
    <calculationArc order="3" weight="1" xlink:arcrole="http://www.xbrl.org/2003/arcrole/summation-item" xlink:from="loc_us-gaap_LiabilitiesAndStockholdersEquity_6e1ed1d0-9656-11e2-88e7-12313d1a0274" xlink:to="loc_us-gaap_DeferredCompensationLiabilityClassifiedNoncurrent_2bcf7050-9656-11e2-88e7-12313d1a0274" xlink:type="arc" />
    <loc xlink:href="http://xbrl.fasb.org/us-gaap/2013/elts/us-gaap-2013-01-31.xsd#us-gaap_DeferredTaxLiabilitiesNoncurrent" xlink:label="loc_us-gaap_DeferredTaxLiabilitiesNoncurrent_2b46081a-9656-11e2-88e7-12313d1a0274" xlink:type="locator" />
    <calculationArc order="4" weight="1" xlink:arcrole="http://www.xbrl.org/2003/arcrole/summation-item" xlink:from="loc_us-gaap_LiabilitiesAndStockholdersEquity_6e1ed1d0-9656-11e2-88e7-12313d1a0274" xlink:to="loc_us-gaap_DeferredTaxLiabilitiesNoncurrent_2b46081a-9656-11e2-88e7-12313d1a0274" xlink:type="arc" />
    <loc xlink:href="http://xbrl.fasb.org/us-gaap/2013/elts/us-gaap-2013-01-31.xsd#us-gaap_OtherLiabilitiesNoncurrent" xlink:label="loc_us-gaap_OtherLiabilitiesNoncurrent_85390368-9656-11e2-88e7-12313d1a0274" xlink:type="locator" />
    <calculationArc order="5" weight="1" xlink:arcrole="http://www.xbrl.org/2003/arcrole/summation-item" xlink:from="loc_us-gaap_LiabilitiesAndStockholdersEquity_6e1ed1d0-9656-11e2-88e7-12313d1a0274" xlink:to="loc_us-gaap_OtherLiabilitiesNoncurrent_85390368-9656-11e2-88e7-12313d1a0274" xlink:type="arc" />
    <loc xlink:href="http://xbrl.fasb.org/us-gaap/2013/elts/us-gaap-2013-01-31.xsd#us-gaap_PreferredStockValue" xlink:label="loc_us-gaap_PreferredStockValue_8fab7cfe-9656-11e2-88e7-12313d1a0274" xlink:type="locator" />
    <calculationArc order="6" weight="1" xlink:arcrole="http://www.xbrl.org/2003/arcrole/summation-item" xlink:from="loc_us-gaap_LiabilitiesAndStockholdersEquity_6e1ed1d0-9656-11e2-88e7-12313d1a0274" xlink:to="loc_us-gaap_PreferredStockValue_8fab7cfe-9656-11e2-88e7-12313d1a0274" xlink:type="arc" />
    <loc xlink:href="http://xbrl.fasb.org/us-gaap/2013/elts/us-gaap-2013-01-31.xsd#us-gaap_StockholdersEquityIncludingPortionAttributableToNoncontrollingInterest" xlink:label="loc_us-gaap_StockholdersEquityIncludingPortionAttributableToNoncontrollingInterest_adca42f6-9656-11e2-88e7-12313d1a0274" xlink:type="locator" />
    <calculationArc order="7" weight="1" xlink:arcrole="http://www.xbrl.org/2003/arcrole/summation-item" xlink:from="loc_us-gaap_LiabilitiesAndStockholdersEquity_6e1ed1d0-9656-11e2-88e7-12313d1a0274" xlink:to="loc_us-gaap_StockholdersEquityIncludingPortionAttributableToNoncontrollingInterest_adca42f6-9656-11e2-88e7-12313d1a0274" xlink:type="arc" />
    <loc xlink:href="http://xbrl.fasb.org/us-gaap/2013/elts/us-gaap-2013-01-31.xsd#us-gaap_StockholdersEquity" xlink:label="loc_us-gaap_StockholdersEquity_adc32df4-9656-11e2-88e7-12313d1a0274" xlink:type="locator" />
    <calculationArc order="1" weight="1" xlink:arcrole="http://www.xbrl.org/2003/arcrole/summation-item" xlink:from="loc_us-gaap_StockholdersEquityIncludingPortionAttributableToNoncontrollingInterest_adca42f6-9656-11e2-88e7-12313d1a0274" xlink:to="loc_us-gaap_StockholdersEquity_adc32df4-9656-11e2-88e7-12313d1a0274" xlink:type="arc" />
    <calculationArc order="1" weight="1" xlink:arcrole="http://www.xbrl.org/2003/arcrole/summation-item" xlink:from="loc_us-gaap_StockholdersEquity_adc32df4-9656-11e2-88e7-12313d1a0274" xlink:to="loc_us-gaap_PreferredStockValue_8fab7cfe-9656-11e2-88e7-12313d1a0274" xlink:type="arc" />
    <loc xlink:href="http://xbrl.fasb.org/us-gaap/2013/elts/us-gaap-2013-01-31.xsd#us-gaap_CommonStockValue" xlink:label="loc_us-gaap_CommonStockValue_1e2a510e-9656-11e2-88e7-12313d1a0274" xlink:type="locator" />
    <calculationArc order="2" weight="1" xlink:arcrole="http://www.xbrl.org/2003/arcrole/summation-item" xlink:from="loc_us-gaap_StockholdersEquity_adc32df4-9656-11e2-88e7-12313d1a0274" xlink:to="loc_us-gaap_CommonStockValue_1e2a510e-9656-11e2-88e7-12313d1a0274" xlink:type="arc" />
    <loc xlink:href="http://xbrl.fasb.org/us-gaap/2013/elts/us-gaap-2013-01-31.xsd#us-gaap_AdditionalPaidInCapitalCommonStock" xlink:label="loc_us-gaap_AdditionalPaidInCapitalCommonStock_066609aa-9656-11e2-88e7-12313d1a0274" xlink:type="locator" />
    <calculationArc order="3" weight="1" xlink:arcrole="http://www.xbrl.org/2003/arcrole/summation-item" xlink:from="loc_us-gaap_StockholdersEquity_adc32df4-9656-11e2-88e7-12313d1a0274" xlink:to="loc_us-gaap_AdditionalPaidInCapitalCommonStock_066609aa-9656-11e2-88e7-12313d1a0274" xlink:type="arc" />
    <loc xlink:href="http://xbrl.fasb.org/us-gaap/2013/elts/us-gaap-2013-01-31.xsd#us-gaap_RetainedEarningsAccumulatedDeficit" xlink:label="loc_us-gaap_RetainedEarningsAccumulatedDeficit_a33a731a-9656-11e2-88e7-12313d1a0274" xlink:type="locator" />
    <calculationArc order="4" weight="1" xlink:arcrole="http://www.xbrl.org/2003/arcrole/summation-item" xlink:from="loc_us-gaap_StockholdersEquity_adc32df4-9656-11e2-88e7-12313d1a0274" xlink:to="loc_us-gaap_RetainedEarningsAccumulatedDeficit_a33a731a-9656-11e2-88e7-12313d1a0274" xlink:type="arc" />
    <loc xlink:href="http://xbrl.fasb.org/us-gaap/2013/elts/us-gaap-2013-01-31.xsd#us-gaap_AccumulatedOtherComprehensiveIncomeLossNetOfTax" xlink:label="loc_us-gaap_AccumulatedOtherComprehensiveIncomeLossNetOfTax_062fd1c8-9656-11e2-88e7-12313d1a0274" xlink:type="locator" />
    <calculationArc order="5" weight="1" xlink:arcrole="http://www.xbrl.org/2003/arcrole/summation-item" xlink:from="loc_us-gaap_StockholdersEquity_adc32df4-9656-11e2-88e7-12313d1a0274" xlink:to="loc_us-gaap_AccumulatedOtherComprehensiveIncomeLossNetOfTax_062fd1c8-9656-11e2-88e7-12313d1a0274" xlink:type="arc" />
    <loc xlink:href="http://xbrl.fasb.org/us-gaap/2013/elts/us-gaap-2013-01-31.xsd#us-gaap_TreasuryStockValue" xlink:label="loc_us-gaap_TreasuryStockValue_b2297f42-9656-11e2-88e7-12313d1a0274" xlink:type="locator" />
    <calculationArc order="6" weight="-1" xlink:arcrole="http://www.xbrl.org/2003/arcrole/summation-item" xlink:from="loc_us-gaap_StockholdersEquity_adc32df4-9656-11e2-88e7-12313d1a0274" xlink:to="loc_us-gaap_TreasuryStockValue_b2297f42-9656-11e2-88e7-12313d1a0274" xlink:type="arc" />
    <loc xlink:href="http://xbrl.fasb.org/us-gaap/2013/elts/us-gaap-2013-01-31.xsd#us-gaap_MinorityInterest" xlink:label="loc_us-gaap_MinorityInterest_7a4f00ec-9656-11e2-88e7-12313d1a0274" xlink:type="locator" />
    <calculationArc order="2" weight="1" xlink:arcrole="http://www.xbrl.org/2003/arcrole/summation-item" xlink:from="loc_us-gaap_StockholdersEquityIncludingPortionAttributableToNoncontrollingInterest_adca42f6-9656-11e2-88e7-12313d1a0274" xlink:to="loc_us-gaap_MinorityInterest_7a4f00ec-9656-11e2-88e7-12313d1a0274" xlink:type="arc" />
    <loc xlink:href="http://xbrl.fasb.org/us-gaap/2013/elts/us-gaap-2013-01-31.xsd#us-gaap_Assets" xlink:label="loc_us-gaap_Assets_0ce13e30-9656-11e2-88e7-12313d1a0274" xlink:type="locator" />
    <loc xlink:href="http://xbrl.fasb.org/us-gaap/2013/elts/us-gaap-2013-01-31.xsd#us-gaap_AssetsCurrent" xlink:label="loc_us-gaap_AssetsCurrent_0d216a96-9656-11e2-88e7-12313d1a0274" xlink:type="locator" />
    <calculationArc order="1" weight="1" xlink:arcrole="http://www.xbrl.org/2003/arcrole/summation-item" xlink:from="loc_us-gaap_Assets_0ce13e30-9656-11e2-88e7-12313d1a0274" xlink:to="loc_us-gaap_AssetsCurrent_0d216a96-9656-11e2-88e7-12313d1a0274" xlink:type="arc" />
    <loc xlink:href="http://xbrl.fasb.org/us-gaap/2013/elts/us-gaap-2013-01-31.xsd#us-gaap_CashAndCashEquivalentsAtCarryingValue" xlink:label="loc_us-gaap_CashAndCashEquivalentsAtCarryingValue_18320242-9656-11e2-88e7-12313d1a0274" xlink:type="locator" />
    <calculationArc order="1" weight="1" xlink:arcrole="http://www.xbrl.org/2003/arcrole/summation-item" xlink:from="loc_us-gaap_AssetsCurrent_0d216a96-9656-11e2-88e7-12313d1a0274" xlink:to="loc_us-gaap_CashAndCashEquivalentsAtCarryingValue_18320242-9656-11e2-88e7-12313d1a0274" xlink:type="arc" />
    <loc xlink:href="http://xbrl.fasb.org/us-gaap/2013/elts/us-gaap-2013-01-31.xsd#us-gaap_AccountsReceivableNetCurrent" xlink:label="loc_us-gaap_AccountsReceivableNetCurrent_05404162-9656-11e2-88e7-12313d1a0274" xlink:type="locator" />
    <calculationArc order="2" weight="1" xlink:arcrole="http://www.xbrl.org/2003/arcrole/summation-item" xlink:from="loc_us-gaap_AssetsCurrent_0d216a96-9656-11e2-88e7-12313d1a0274" xlink:to="loc_us-gaap_AccountsReceivableNetCurrent_05404162-9656-11e2-88e7-12313d1a0274" xlink:type="arc" />
    <loc xlink:href="http://xbrl.fasb.org/us-gaap/2013/elts/us-gaap-2013-01-31.xsd#us-gaap_InventoryNet" xlink:label="loc_us-gaap_InventoryNet_6952f2e4-9656-11e2-88e7-12313d1a0274" xlink:type="locator" />
    <calculationArc order="3" weight="1" xlink:arcrole="http://www.xbrl.org/2003/arcrole/summation-item" xlink:from="loc_us-gaap_AssetsCurrent_0d216a96-9656-11e2-88e7-12313d1a0274" xlink:to="loc_us-gaap_InventoryNet_6952f2e4-9656-11e2-88e7-12313d1a0274" xlink:type="arc" />
    <loc xlink:href="http://xbrl.fasb.org/us-gaap/2013/elts/us-gaap-2013-01-31.xsd#us-gaap_PrepaidExpenseCurrent" xlink:label="loc_us-gaap_PrepaidExpenseCurrent_90e1292a-9656-11e2-88e7-12313d1a0274" xlink:type="locator" />
    <calculationArc order="4" weight="1" xlink:arcrole="http://www.xbrl.org/2003/arcrole/summation-item" xlink:from="loc_us-gaap_AssetsCurrent_0d216a96-9656-11e2-88e7-12313d1a0274" xlink:to="loc_us-gaap_PrepaidExpenseCurrent_90e1292a-9656-11e2-88e7-12313d1a0274" xlink:type="arc" />
    <loc xlink:href="http://xbrl.fasb.org/us-gaap/2013/elts/us-gaap-2013-01-31.xsd#us-gaap_IncomeTaxesReceivable" xlink:label="loc_us-gaap_IncomeTaxesReceivable_6174892a-9656-11e2-88e7-12313d1a0274" xlink:type="locator" />
    <calculationArc order="5" weight="1" xlink:arcrole="http://www.xbrl.org/2003/arcrole/summation-item" xlink:from="loc_us-gaap_AssetsCurrent_0d216a96-9656-11e2-88e7-12313d1a0274" xlink:to="loc_us-gaap_IncomeTaxesReceivable_6174892a-9656-11e2-88e7-12313d1a0274" xlink:type="arc" />
    <loc xlink:href="http://xbrl.fasb.org/us-gaap/2013/elts/us-gaap-2013-01-31.xsd#us-gaap_OtherAssetsCurrent" xlink:label="loc_us-gaap_OtherAssetsCurrent_83b7103e-9656-11e2-88e7-12313d1a0274" xlink:type="locator" />
    <calculationArc order="6" weight="1" xlink:arcrole="http://www.xbrl.org/2003/arcrole/summation-item" xlink:from="loc_us-gaap_AssetsCurrent_0d216a96-9656-11e2-88e7-12313d1a0274" xlink:to="loc_us-gaap_OtherAssetsCurrent_83b7103e-9656-11e2-88e7-12313d1a0274" xlink:type="arc" />
    <loc xlink:href="http://xbrl.fasb.org/us-gaap/2013/elts/us-gaap-2013-01-31.xsd#us-gaap_PropertyPlantAndEquipmentNet" xlink:label="loc_us-gaap_PropertyPlantAndEquipmentNet_940b342e-9656-11e2-88e7-12313d1a0274" xlink:type="locator" />
    <calculationArc order="2" weight="1" xlink:arcrole="http://www.xbrl.org/2003/arcrole/summation-item" xlink:from="loc_us-gaap_Assets_0ce13e30-9656-11e2-88e7-12313d1a0274" xlink:to="loc_us-gaap_PropertyPlantAndEquipmentNet_940b342e-9656-11e2-88e7-12313d1a0274" xlink:type="arc" />
    <loc xlink:href="http://xbrl.fasb.org/us-gaap/2013/elts/us-gaap-2013-01-31.xsd#us-gaap_IntangibleAssetsNetExcludingGoodwill" xlink:label="loc_us-gaap_IntangibleAssetsNetExcludingGoodwill_6701f814-9656-11e2-88e7-12313d1a0274" xlink:type="locator" />
    <calculationArc order="3" weight="1" xlink:arcrole="http://www.xbrl.org/2003/arcrole/summation-item" xlink:from="loc_us-gaap_Assets_0ce13e30-9656-11e2-88e7-12313d1a0274" xlink:to="loc_us-gaap_IntangibleAssetsNetExcludingGoodwill_6701f814-9656-11e2-88e7-12313d1a0274" xlink:type="arc" />
    <loc xlink:href="http://xbrl.fasb.org/us-gaap/2013/elts/us-gaap-2013-01-31.xsd#us-gaap_Goodwill" xlink:label="loc_us-gaap_Goodwill_5c519906-9656-11e2-88e7-12313d1a0274" xlink:type="locator" />
    <calculationArc order="4" weight="1" xlink:arcrole="http://www.xbrl.org/2003/arcrole/summation-item" xlink:from="loc_us-gaap_Assets_0ce13e30-9656-11e2-88e7-12313d1a0274" xlink:to="loc_us-gaap_Goodwill_5c519906-9656-11e2-88e7-12313d1a0274" xlink:type="arc" />
    <loc xlink:href="http://xbrl.fasb.org/us-gaap/2013/elts/us-gaap-2013-01-31.xsd#us-gaap_DeferredTaxAssetsNetNoncurrent" xlink:label="loc_us-gaap_DeferredTaxAssetsNetNoncurrent_2b1f2682-9656-11e2-88e7-12313d1a0274" xlink:type="locator" />
    <calculationArc order="5" weight="1" xlink:arcrole="http://www.xbrl.org/2003/arcrole/summation-item" xlink:from="loc_us-gaap_Assets_0ce13e30-9656-11e2-88e7-12313d1a0274" xlink:to="loc_us-gaap_DeferredTaxAssetsNetNoncurrent_2b1f2682-9656-11e2-88e7-12313d1a0274" xlink:type="arc" />
    <loc xlink:href="http://xbrl.fasb.org/us-gaap/2013/elts/us-gaap-2013-01-31.xsd#us-gaap_OtherAssetsNoncurrent" xlink:label="loc_us-gaap_OtherAssetsNoncurrent_837d6190-9656-11e2-88e7-12313d1a0274" xlink:type="locator" />
    <calculationArc order="6" weight="1" xlink:arcrole="http://www.xbrl.org/2003/arcrole/summation-item" xlink:from="loc_us-gaap_Assets_0ce13e30-9656-11e2-88e7-12313d1a0274" xlink:to="loc_us-gaap_OtherAssetsNoncurrent_837d6190-9656-11e2-88e7-12313d1a0274" xlink:type="arc" />
  </calculationLink>
  <calculationLink xlink:role="http://www.corelab.com/role/ConsolidatedBalanceSheetsBalanceSheetParenthetical" xlink:type="extended" />
  <calculationLink xlink:role="http://www.corelab.com/role/ConsolidatedStatementOfOtherComprehensiveIncome" xlink:type="extended" />
  <calculationLink xlink:role="http://www.corelab.com/role/DebtAndCapitalLeaseObligations" xlink:type="extended" />
  <calculationLink xlink:role="http://www.corelab.com/role/DebtAndCapitalLeaseObligationsDetails" xlink:type="extended" />
  <calculationLink xlink:role="http://www.corelab.com/role/DebtAndCapitalLeaseObligationsTables" xlink:type="extended" />
  <calculationLink xlink:role="http://www.corelab.com/role/DeiDocument" xlink:type="extended" />
  <calculationLink xlink:role="http://www.corelab.com/role/DerivativeInstrumentsDerivativeGainLossDetails" xlink:type="extended" />
  <calculationLink xlink:role="http://www.corelab.com/role/DerivativeInstrumentsDetails" xlink:type="extended" />
  <calculationLink xlink:role="http://www.corelab.com/role/DerivativeInstrumentsNotes" xlink:type="extended" />
  <calculationLink xlink:role="http://www.corelab.com/role/DerivativeInstrumentsTables" xlink:type="extended" />
  <calculationLink xlink:role="http://www.corelab.com/role/DescriptionOfBusiness" xlink:type="extended" />
  <calculationLink xlink:role="http://www.corelab.com/role/DescriptionOfBusinessDetails" xlink:type="extended" />
  <calculationLink xlink:role="http://www.corelab.com/role/DescriptionOfBusinessTables" xlink:type="extended" />
  <calculationLink xlink:role="http://www.corelab.com/role/Equity" xlink:type="extended" />
  <calculationLink xlink:role="http://www.corelab.com/role/EquityDetails" xlink:type="extended" />
  <calculationLink xlink:role="http://www.corelab.com/role/EquityTables" xlink:type="extended" />
  <calculationLink xlink:role="http://www.corelab.com/role/FinancialInstrumentsDetails" xlink:type="extended" />
  <calculationLink xlink:role="http://www.corelab.com/role/FinancialInstrumentsNotes" xlink:type="extended" />
  <calculationLink xlink:role="http://www.corelab.com/role/FinancialInstrumentsTables" xlink:type="extended" />
  <calculationLink xlink:role="http://www.corelab.com/role/Goodwill" xlink:type="extended" />
  <calculationLink xlink:role="http://www.corelab.com/role/GoodwillDetails" xlink:type="extended" />
  <calculationLink xlink:role="http://www.corelab.com/role/GoodwillTables" xlink:type="extended" />
  <calculationLink xlink:role="http://www.corelab.com/role/IncomeTaxes" xlink:type="extended" />
  <calculationLink xlink:role="http://www.corelab.com/role/IncomeTaxesDeferredTaxAssetsLiabilitiesDetails" xlink:type="extended">
    <loc xlink:href="http://xbrl.fasb.org/us-gaap/2013/elts/us-gaap-2013-01-31.xsd#us-gaap_DeferredTaxAssetsLiabilitiesNet" xlink:label="loc_us-gaap_DeferredTaxAssetsLiabilitiesNet_2a5d1178-9656-11e2-88e7-12313d1a0274" xlink:type="locator" />
    <loc xlink:href="http://xbrl.fasb.org/us-gaap/2013/elts/us-gaap-2013-01-31.xsd#us-gaap_DeferredTaxAssetsNet" xlink:label="loc_us-gaap_DeferredTaxAssetsNet_2afbcf16-9656-11e2-88e7-12313d1a0274" xlink:type="locator" />
    <calculationArc order="1" weight="1" xlink:arcrole="http://www.xbrl.org/2003/arcrole/summation-item" xlink:from="loc_us-gaap_DeferredTaxAssetsLiabilitiesNet_2a5d1178-9656-11e2-88e7-12313d1a0274" xlink:to="loc_us-gaap_DeferredTaxAssetsNet_2afbcf16-9656-11e2-88e7-12313d1a0274" xlink:type="arc" />
    <loc xlink:href="http://xbrl.fasb.org/us-gaap/2013/elts/us-gaap-2013-01-31.xsd#us-gaap_DeferredTaxAssetsGross" xlink:label="loc_us-gaap_DeferredTaxAssetsGross_2acbdd92-9656-11e2-88e7-12313d1a0274" xlink:type="locator" />
    <calculationArc order="1" weight="1" xlink:arcrole="http://www.xbrl.org/2003/arcrole/summation-item" xlink:from="loc_us-gaap_DeferredTaxAssetsNet_2afbcf16-9656-11e2-88e7-12313d1a0274" xlink:to="loc_us-gaap_DeferredTaxAssetsGross_2acbdd92-9656-11e2-88e7-12313d1a0274" xlink:type="arc" />
    <loc xlink:href="http://xbrl.fasb.org/us-gaap/2013/elts/us-gaap-2013-01-31.xsd#us-gaap_DeferredTaxAssetsValuationAllowance" xlink:label="loc_us-gaap_DeferredTaxAssetsValuationAllowance_2b3a4dc2-9656-11e2-88e7-12313d1a0274" xlink:type="locator" />
    <calculationArc order="2" weight="-1" xlink:arcrole="http://www.xbrl.org/2003/arcrole/summation-item" xlink:from="loc_us-gaap_DeferredTaxAssetsNet_2afbcf16-9656-11e2-88e7-12313d1a0274" xlink:to="loc_us-gaap_DeferredTaxAssetsValuationAllowance_2b3a4dc2-9656-11e2-88e7-12313d1a0274" xlink:type="arc" />
    <loc xlink:href="http://xbrl.fasb.org/us-gaap/2013/elts/us-gaap-2013-01-31.xsd#us-gaap_DeferredTaxLiabilities" xlink:label="loc_us-gaap_DeferredTaxLiabilities_2b61113c-9656-11e2-88e7-12313d1a0274" xlink:type="locator" />
    <calculationArc order="2" weight="-1" xlink:arcrole="http://www.xbrl.org/2003/arcrole/summation-item" xlink:from="loc_us-gaap_DeferredTaxAssetsLiabilitiesNet_2a5d1178-9656-11e2-88e7-12313d1a0274" xlink:to="loc_us-gaap_DeferredTaxLiabilities_2b61113c-9656-11e2-88e7-12313d1a0274" xlink:type="arc" />
  </calculationLink>
  <calculationLink xlink:role="http://www.corelab.com/role/IncomeTaxesDetails" xlink:type="extended" />
  <calculationLink xlink:role="http://www.corelab.com/role/IncomeTaxesEquityDetails" xlink:type="extended" />
  <calculationLink xlink:role="http://www.corelab.com/role/IncomeTaxesIncomeBeforeIncomeTaxesDetails" xlink:type="extended" />
  <calculationLink xlink:role="http://www.corelab.com/role/IncomeTaxesIncomeTaxContingencyDetails" xlink:type="extended" />
  <calculationLink xlink:role="http://www.corelab.com/role/IncomeTaxesIncomeTaxExpenseIncomeTaxReconciliationDetails" xlink:type="extended" />
  <calculationLink xlink:role="http://www.corelab.com/role/IncomeTaxesSummaryOfValuationAllowanceDetails" xlink:type="extended" />
  <calculationLink xlink:role="http://www.corelab.com/role/IncomeTaxesTables" xlink:type="extended" />
  <calculationLink xlink:role="http://www.corelab.com/role/Intangibles" xlink:type="extended" />
  <calculationLink xlink:role="http://www.corelab.com/role/IntangiblesDetails" xlink:type="extended" />
  <calculationLink xlink:role="http://www.corelab.com/role/IntangiblesTables" xlink:type="extended" />
  <calculationLink xlink:role="http://www.corelab.com/role/Inventories" xlink:type="extended" />
  <calculationLink xlink:role="http://www.corelab.com/role/InventoriesDetails" xlink:type="extended">
    <loc xlink:href="http://xbrl.fasb.org/us-gaap/2013/elts/us-gaap-2013-01-31.xsd#us-gaap_InventoryNet" xlink:label="loc_us-gaap_InventoryNet_6952f2e4-9656-11e2-88e7-12313d1a0274" xlink:type="locator" />
    <loc xlink:href="http://xbrl.fasb.org/us-gaap/2013/elts/us-gaap-2013-01-31.xsd#us-gaap_InventoryRawMaterialsAndPurchasedPartsNetOfReserves" xlink:label="loc_us-gaap_InventoryRawMaterialsAndPurchasedPartsNetOfReserves_69c4ec28-9656-11e2-88e7-12313d1a0274" xlink:type="locator" />
    <calculationArc order="1" weight="1" xlink:arcrole="http://www.xbrl.org/2003/arcrole/summation-item" xlink:from="loc_us-gaap_InventoryNet_6952f2e4-9656-11e2-88e7-12313d1a0274" xlink:to="loc_us-gaap_InventoryRawMaterialsAndPurchasedPartsNetOfReserves_69c4ec28-9656-11e2-88e7-12313d1a0274" xlink:type="arc" />
    <loc xlink:href="http://xbrl.fasb.org/us-gaap/2013/elts/us-gaap-2013-01-31.xsd#us-gaap_InventoryWorkInProcessNetOfReserves" xlink:label="loc_us-gaap_InventoryWorkInProcessNetOfReserves_69eed312-9656-11e2-88e7-12313d1a0274" xlink:type="locator" />
    <calculationArc order="2" weight="1" xlink:arcrole="http://www.xbrl.org/2003/arcrole/summation-item" xlink:from="loc_us-gaap_InventoryNet_6952f2e4-9656-11e2-88e7-12313d1a0274" xlink:to="loc_us-gaap_InventoryWorkInProcessNetOfReserves_69eed312-9656-11e2-88e7-12313d1a0274" xlink:type="arc" />
    <loc xlink:href="http://xbrl.fasb.org/us-gaap/2013/elts/us-gaap-2013-01-31.xsd#us-gaap_InventoryFinishedGoodsNetOfReserves" xlink:label="loc_us-gaap_InventoryFinishedGoodsNetOfReserves_69867b82-9656-11e2-88e7-12313d1a0274" xlink:type="locator" />
    <calculationArc order="3" weight="1" xlink:arcrole="http://www.xbrl.org/2003/arcrole/summation-item" xlink:from="loc_us-gaap_InventoryNet_6952f2e4-9656-11e2-88e7-12313d1a0274" xlink:to="loc_us-gaap_InventoryFinishedGoodsNetOfReserves_69867b82-9656-11e2-88e7-12313d1a0274" xlink:type="arc" />
  </calculationLink>
  <calculationLink xlink:role="http://www.corelab.com/role/InventoriesTables" xlink:type="extended" />
  <calculationLink xlink:role="http://www.corelab.com/role/OtherIncomeExpense" xlink:type="extended" />
  <calculationLink xlink:role="http://www.corelab.com/role/OtherIncomeExpenseDetails" xlink:type="extended" />
  <calculationLink xlink:role="http://www.corelab.com/role/OtherIncomeExpenseForeignCurrencyGainLossByCurrencyDetails" xlink:type="extended" />
  <calculationLink xlink:role="http://www.corelab.com/role/OtherIncomeExpenseTables" xlink:type="extended" />
  <calculationLink xlink:role="http://www.corelab.com/role/PensionAndOtherPostretirementBenefitPlans" xlink:type="extended" />
  <calculationLink xlink:role="http://www.corelab.com/role/PensionAndOtherPostretirementBenefitPlansComponentsOfNetPeriodicPensionCostsDetails" xlink:type="extended">
    <loc xlink:href="http://xbrl.fasb.org/us-gaap/2013/elts/us-gaap-2013-01-31.xsd#us-gaap_DefinedBenefitPlanNetPeriodicBenefitCost" xlink:label="loc_us-gaap_DefinedBenefitPlanNetPeriodicBenefitCost_2f01b4a4-9656-11e2-88e7-12313d1a0274" xlink:type="locator" />
    <loc xlink:href="http://xbrl.fasb.org/us-gaap/2013/elts/us-gaap-2013-01-31.xsd#us-gaap_DefinedBenefitPlanServiceCost" xlink:label="loc_us-gaap_DefinedBenefitPlanServiceCost_2ed07830-9656-11e2-88e7-12313d1a0274" xlink:type="locator" />
    <calculationArc order="1" weight="1" xlink:arcrole="http://www.xbrl.org/2003/arcrole/summation-item" xlink:from="loc_us-gaap_DefinedBenefitPlanNetPeriodicBenefitCost_2f01b4a4-9656-11e2-88e7-12313d1a0274" xlink:to="loc_us-gaap_DefinedBenefitPlanServiceCost_2ed07830-9656-11e2-88e7-12313d1a0274" xlink:type="arc" />
    <loc xlink:href="http://xbrl.fasb.org/us-gaap/2013/elts/us-gaap-2013-01-31.xsd#us-gaap_DefinedBenefitPlanInterestCost" xlink:label="loc_us-gaap_DefinedBenefitPlanInterestCost_2ef72430-9656-11e2-88e7-12313d1a0274" xlink:type="locator" />
    <calculationArc order="2" weight="1" xlink:arcrole="http://www.xbrl.org/2003/arcrole/summation-item" xlink:from="loc_us-gaap_DefinedBenefitPlanNetPeriodicBenefitCost_2f01b4a4-9656-11e2-88e7-12313d1a0274" xlink:to="loc_us-gaap_DefinedBenefitPlanInterestCost_2ef72430-9656-11e2-88e7-12313d1a0274" xlink:type="arc" />
    <loc xlink:href="http://xbrl.fasb.org/us-gaap/2013/elts/us-gaap-2013-01-31.xsd#us-gaap_DefinedBenefitPlanExpectedReturnOnPlanAssets" xlink:label="loc_us-gaap_DefinedBenefitPlanExpectedReturnOnPlanAssets_2f0f96fa-9656-11e2-88e7-12313d1a0274" xlink:type="locator" />
    <calculationArc order="3" weight="-1" xlink:arcrole="http://www.xbrl.org/2003/arcrole/summation-item" xlink:from="loc_us-gaap_DefinedBenefitPlanNetPeriodicBenefitCost_2f01b4a4-9656-11e2-88e7-12313d1a0274" xlink:to="loc_us-gaap_DefinedBenefitPlanExpectedReturnOnPlanAssets_2f0f96fa-9656-11e2-88e7-12313d1a0274" xlink:type="arc" />
    <loc xlink:href="http://xbrl.fasb.org/us-gaap/2013/elts/us-gaap-2013-01-31.xsd#us-gaap_DefinedBenefitPlanAmortizationOfTransitionObligationsAssets" xlink:label="loc_us-gaap_DefinedBenefitPlanAmortizationOfTransitionObligationsAssets_2d530c5c-9656-11e2-88e7-12313d1a0274" xlink:type="locator" />
    <calculationArc order="4" weight="1" xlink:arcrole="http://www.xbrl.org/2003/arcrole/summation-item" xlink:from="loc_us-gaap_DefinedBenefitPlanNetPeriodicBenefitCost_2f01b4a4-9656-11e2-88e7-12313d1a0274" xlink:to="loc_us-gaap_DefinedBenefitPlanAmortizationOfTransitionObligationsAssets_2d530c5c-9656-11e2-88e7-12313d1a0274" xlink:type="arc" />
    <loc xlink:href="http://xbrl.fasb.org/us-gaap/2013/elts/us-gaap-2013-01-31.xsd#us-gaap_DefinedBenefitPlanAmortizationOfPriorServiceCostCredit" xlink:label="loc_us-gaap_DefinedBenefitPlanAmortizationOfPriorServiceCostCredit_2c7c08a6-9656-11e2-88e7-12313d1a0274" xlink:type="locator" />
    <calculationArc order="5" weight="1" xlink:arcrole="http://www.xbrl.org/2003/arcrole/summation-item" xlink:from="loc_us-gaap_DefinedBenefitPlanNetPeriodicBenefitCost_2f01b4a4-9656-11e2-88e7-12313d1a0274" xlink:to="loc_us-gaap_DefinedBenefitPlanAmortizationOfPriorServiceCostCredit_2c7c08a6-9656-11e2-88e7-12313d1a0274" xlink:type="arc" />
    <loc xlink:href="http://xbrl.fasb.org/us-gaap/2013/elts/us-gaap-2013-01-31.xsd#us-gaap_DefinedBenefitPlanAmortizationOfGainsLosses" xlink:label="loc_us-gaap_DefinedBenefitPlanAmortizationOfGainsLosses_2d21ca20-9656-11e2-88e7-12313d1a0274" xlink:type="locator" />
    <calculationArc order="6" weight="-1" xlink:arcrole="http://www.xbrl.org/2003/arcrole/summation-item" xlink:from="loc_us-gaap_DefinedBenefitPlanNetPeriodicBenefitCost_2f01b4a4-9656-11e2-88e7-12313d1a0274" xlink:to="loc_us-gaap_DefinedBenefitPlanAmortizationOfGainsLosses_2d21ca20-9656-11e2-88e7-12313d1a0274" xlink:type="arc" />
  </calculationLink>
  <calculationLink xlink:role="http://www.corelab.com/role/PensionAndOtherPostretirementBenefitPlansDeferredCompensationArrangementsDetails" xlink:type="extended" />
  <calculationLink xlink:role="http://www.corelab.com/role/PensionAndOtherPostretirementBenefitPlansDefinedContributionPlansDetails" xlink:type="extended" />
  <calculationLink xlink:role="http://www.corelab.com/role/PensionAndOtherPostretirementBenefitPlansDetails" xlink:type="extended" />
  <calculationLink xlink:role="http://www.corelab.com/role/PensionAndOtherPostretirementBenefitPlansScheduleOfAmountsRecognizedInBalanceSheetDetails" xlink:type="extended" />
  <calculationLink xlink:role="http://www.corelab.com/role/PensionAndOtherPostretirementBenefitPlansScheduleOfExpectedBenefitPaymentsDetails" xlink:type="extended" />
  <calculationLink xlink:role="http://www.corelab.com/role/PensionAndOtherPostretirementBenefitPlansTables" xlink:type="extended" />
  <calculationLink xlink:role="http://www.corelab.com/role/PropertyPlantAndEquipment" xlink:type="extended" />
  <calculationLink xlink:role="http://www.corelab.com/role/PropertyPlantAndEquipmentDetails" xlink:type="extended" />
  <calculationLink xlink:role="http://www.corelab.com/role/PropertyPlantAndEquipmentTables" xlink:type="extended" />
  <calculationLink xlink:role="http://www.corelab.com/role/SegmentReporting" xlink:type="extended" />
  <calculationLink xlink:role="http://www.corelab.com/role/SegmentReportingDetails" xlink:type="extended" />
  <calculationLink xlink:role="http://www.corelab.com/role/SegmentReportingRevenueByProductSalesAndServicesDetails" xlink:type="extended">
    <loc xlink:href="http://xbrl.fasb.org/us-gaap/2013/elts/us-gaap-2013-01-31.xsd#us-gaap_SalesRevenueNet" xlink:label="loc_us-gaap_SalesRevenueNet_a7332b38-9656-11e2-88e7-12313d1a0274" xlink:type="locator" />
    <loc xlink:href="http://xbrl.fasb.org/us-gaap/2013/elts/us-gaap-2013-01-31.xsd#us-gaap_SalesRevenueServicesNet" xlink:label="loc_us-gaap_SalesRevenueServicesNet_a73bc11c-9656-11e2-88e7-12313d1a0274" xlink:type="locator" />
    <calculationArc order="1" weight="1" xlink:arcrole="http://www.xbrl.org/2003/arcrole/summation-item" xlink:from="loc_us-gaap_SalesRevenueNet_a7332b38-9656-11e2-88e7-12313d1a0274" xlink:to="loc_us-gaap_SalesRevenueServicesNet_a73bc11c-9656-11e2-88e7-12313d1a0274" xlink:type="arc" />
    <loc xlink:href="http://xbrl.fasb.org/us-gaap/2013/elts/us-gaap-2013-01-31.xsd#us-gaap_SalesRevenueGoodsNet" xlink:label="loc_us-gaap_SalesRevenueGoodsNet_a73282be-9656-11e2-88e7-12313d1a0274" xlink:type="locator" />
    <calculationArc order="2" weight="1" xlink:arcrole="http://www.xbrl.org/2003/arcrole/summation-item" xlink:from="loc_us-gaap_SalesRevenueNet_a7332b38-9656-11e2-88e7-12313d1a0274" xlink:to="loc_us-gaap_SalesRevenueGoodsNet_a73282be-9656-11e2-88e7-12313d1a0274" xlink:type="arc" />
  </calculationLink>
  <calculationLink xlink:role="http://www.corelab.com/role/SegmentReportingScheduleOfRevenuesFromExternalCustomersAndLongLivedAssetsDetails" xlink:type="extended" />
  <calculationLink xlink:role="http://www.corelab.com/role/SegmentReportingTables" xlink:type="extended" />
  <calculationLink xlink:role="http://www.corelab.com/role/SignificantAccountingPolicies" xlink:type="extended" />
  <calculationLink xlink:role="http://www.corelab.com/role/SignificantAccountingPoliciesAccountsReceivableDetails" xlink:type="extended" />
  <calculationLink xlink:role="http://www.corelab.com/role/SignificantAccountingPoliciesDerivativeInstrumentsPolicyPolicies" xlink:type="extended" />
  <calculationLink xlink:role="http://www.corelab.com/role/SignificantAccountingPoliciesDetails" xlink:type="extended" />
  <calculationLink xlink:role="http://www.corelab.com/role/SignificantAccountingPoliciesForeignCurrencyDetails" xlink:type="extended" />
  <calculationLink xlink:role="http://www.corelab.com/role/SignificantAccountingPoliciesOtherAssetsDetails" xlink:type="extended" />
  <calculationLink xlink:role="http://www.corelab.com/role/SignificantAccountingPoliciesPolicies" xlink:type="extended" />
  <calculationLink xlink:role="http://www.corelab.com/role/SignificantAccountingPoliciesTables" xlink:type="extended" />
  <calculationLink xlink:role="http://www.corelab.com/role/StatementOfCashFlows" xlink:type="extended">
    <loc xlink:href="http://xbrl.fasb.org/us-gaap/2013/elts/us-gaap-2013-01-31.xsd#us-gaap_CashAndCashEquivalentsPeriodIncreaseDecrease" xlink:label="loc_us-gaap_CashAndCashEquivalentsPeriodIncreaseDecrease_181e990a-9656-11e2-88e7-12313d1a0274" xlink:type="locator" />
    <loc xlink:href="http://xbrl.fasb.org/us-gaap/2013/elts/us-gaap-2013-01-31.xsd#us-gaap_NetCashProvidedByUsedInFinancingActivities" xlink:label="loc_us-gaap_NetCashProvidedByUsedInFinancingActivities_7ca2b500-9656-11e2-88e7-12313d1a0274" xlink:type="locator" />
    <calculationArc order="1" weight="1" xlink:arcrole="http://www.xbrl.org/2003/arcrole/summation-item" xlink:from="loc_us-gaap_CashAndCashEquivalentsPeriodIncreaseDecrease_181e990a-9656-11e2-88e7-12313d1a0274" xlink:to="loc_us-gaap_NetCashProvidedByUsedInFinancingActivities_7ca2b500-9656-11e2-88e7-12313d1a0274" xlink:type="arc" />
    <loc xlink:href="http://xbrl.fasb.org/us-gaap/2013/elts/us-gaap-2013-01-31.xsd#us-gaap_RepaymentsOfDebt" xlink:label="loc_us-gaap_RepaymentsOfDebt_a123eaca-9656-11e2-88e7-12313d1a0274" xlink:type="locator" />
    <calculationArc order="1" weight="-1" xlink:arcrole="http://www.xbrl.org/2003/arcrole/summation-item" xlink:from="loc_us-gaap_NetCashProvidedByUsedInFinancingActivities_7ca2b500-9656-11e2-88e7-12313d1a0274" xlink:to="loc_us-gaap_RepaymentsOfDebt_a123eaca-9656-11e2-88e7-12313d1a0274" xlink:type="arc" />
    <loc xlink:href="http://xbrl.fasb.org/us-gaap/2013/elts/us-gaap-2013-01-31.xsd#us-gaap_ProceedsFromIssuanceOfDebt" xlink:label="loc_us-gaap_ProceedsFromIssuanceOfDebt_91901b4c-9656-11e2-88e7-12313d1a0274" xlink:type="locator" />
    <calculationArc order="2" weight="1" xlink:arcrole="http://www.xbrl.org/2003/arcrole/summation-item" xlink:from="loc_us-gaap_NetCashProvidedByUsedInFinancingActivities_7ca2b500-9656-11e2-88e7-12313d1a0274" xlink:to="loc_us-gaap_ProceedsFromIssuanceOfDebt_91901b4c-9656-11e2-88e7-12313d1a0274" xlink:type="arc" />
    <loc xlink:href="http://xbrl.fasb.org/us-gaap/2013/elts/us-gaap-2013-01-31.xsd#us-gaap_ProceedsFromStockOptionsExercised" xlink:label="loc_us-gaap_ProceedsFromStockOptionsExercised_9308e58a-9656-11e2-88e7-12313d1a0274" xlink:type="locator" />
    <calculationArc order="3" weight="1" xlink:arcrole="http://www.xbrl.org/2003/arcrole/summation-item" xlink:from="loc_us-gaap_NetCashProvidedByUsedInFinancingActivities_7ca2b500-9656-11e2-88e7-12313d1a0274" xlink:to="loc_us-gaap_ProceedsFromStockOptionsExercised_9308e58a-9656-11e2-88e7-12313d1a0274" xlink:type="arc" />
    <loc xlink:href="http://xbrl.fasb.org/us-gaap/2013/elts/us-gaap-2013-01-31.xsd#us-gaap_ExcessTaxBenefitFromShareBasedCompensationFinancingActivities" xlink:label="loc_us-gaap_ExcessTaxBenefitFromShareBasedCompensationFinancingActivities_43eda0b2-9656-11e2-88e7-12313d1a0274" xlink:type="locator" />
    <calculationArc order="4" weight="1" xlink:arcrole="http://www.xbrl.org/2003/arcrole/summation-item" xlink:from="loc_us-gaap_NetCashProvidedByUsedInFinancingActivities_7ca2b500-9656-11e2-88e7-12313d1a0274" xlink:to="loc_us-gaap_ExcessTaxBenefitFromShareBasedCompensationFinancingActivities_43eda0b2-9656-11e2-88e7-12313d1a0274" xlink:type="arc" />
    <loc xlink:href="http://xbrl.fasb.org/us-gaap/2013/elts/us-gaap-2013-01-31.xsd#us-gaap_PaymentsOfDebtIssuanceCosts" xlink:label="loc_us-gaap_PaymentsOfDebtIssuanceCosts_8b69df8c-9656-11e2-88e7-12313d1a0274" xlink:type="locator" />
    <calculationArc order="5" weight="-1" xlink:arcrole="http://www.xbrl.org/2003/arcrole/summation-item" xlink:from="loc_us-gaap_NetCashProvidedByUsedInFinancingActivities_7ca2b500-9656-11e2-88e7-12313d1a0274" xlink:to="loc_us-gaap_PaymentsOfDebtIssuanceCosts_8b69df8c-9656-11e2-88e7-12313d1a0274" xlink:type="arc" />
    <loc xlink:href="http://xbrl.fasb.org/us-gaap/2013/elts/us-gaap-2013-01-31.xsd#us-gaap_ProceedsFromMinorityShareholders" xlink:label="loc_us-gaap_ProceedsFromMinorityShareholders_92b7545e-9656-11e2-88e7-12313d1a0274" xlink:type="locator" />
    <calculationArc order="6" weight="1" xlink:arcrole="http://www.xbrl.org/2003/arcrole/summation-item" xlink:from="loc_us-gaap_NetCashProvidedByUsedInFinancingActivities_7ca2b500-9656-11e2-88e7-12313d1a0274" xlink:to="loc_us-gaap_ProceedsFromMinorityShareholders_92b7545e-9656-11e2-88e7-12313d1a0274" xlink:type="arc" />
    <loc xlink:href="http://xbrl.fasb.org/us-gaap/2013/elts/us-gaap-2013-01-31.xsd#us-gaap_PaymentsOfDividendsMinorityInterest" xlink:label="loc_us-gaap_PaymentsOfDividendsMinorityInterest_8abcf182-9656-11e2-88e7-12313d1a0274" xlink:type="locator" />
    <calculationArc order="7" weight="-1" xlink:arcrole="http://www.xbrl.org/2003/arcrole/summation-item" xlink:from="loc_us-gaap_NetCashProvidedByUsedInFinancingActivities_7ca2b500-9656-11e2-88e7-12313d1a0274" xlink:to="loc_us-gaap_PaymentsOfDividendsMinorityInterest_8abcf182-9656-11e2-88e7-12313d1a0274" xlink:type="arc" />
    <loc xlink:href="http://xbrl.fasb.org/us-gaap/2013/elts/us-gaap-2013-01-31.xsd#us-gaap_PaymentsOfDividends" xlink:label="loc_us-gaap_PaymentsOfDividends_8b6e04d6-9656-11e2-88e7-12313d1a0274" xlink:type="locator" />
    <calculationArc order="8" weight="-1" xlink:arcrole="http://www.xbrl.org/2003/arcrole/summation-item" xlink:from="loc_us-gaap_NetCashProvidedByUsedInFinancingActivities_7ca2b500-9656-11e2-88e7-12313d1a0274" xlink:to="loc_us-gaap_PaymentsOfDividends_8b6e04d6-9656-11e2-88e7-12313d1a0274" xlink:type="arc" />
    <loc xlink:href="http://xbrl.fasb.org/us-gaap/2013/elts/us-gaap-2013-01-31.xsd#us-gaap_PaymentsForRepurchaseOfCommonStock" xlink:label="loc_us-gaap_PaymentsForRepurchaseOfCommonStock_8932a1c2-9656-11e2-88e7-12313d1a0274" xlink:type="locator" />
    <calculationArc order="9" weight="-1" xlink:arcrole="http://www.xbrl.org/2003/arcrole/summation-item" xlink:from="loc_us-gaap_NetCashProvidedByUsedInFinancingActivities_7ca2b500-9656-11e2-88e7-12313d1a0274" xlink:to="loc_us-gaap_PaymentsForRepurchaseOfCommonStock_8932a1c2-9656-11e2-88e7-12313d1a0274" xlink:type="arc" />
    <loc xlink:href="http://xbrl.fasb.org/us-gaap/2013/elts/us-gaap-2013-01-31.xsd#us-gaap_NetCashProvidedByUsedInInvestingActivities" xlink:label="loc_us-gaap_NetCashProvidedByUsedInInvestingActivities_7c8e1730-9656-11e2-88e7-12313d1a0274" xlink:type="locator" />
    <calculationArc order="2" weight="1" xlink:arcrole="http://www.xbrl.org/2003/arcrole/summation-item" xlink:from="loc_us-gaap_CashAndCashEquivalentsPeriodIncreaseDecrease_181e990a-9656-11e2-88e7-12313d1a0274" xlink:to="loc_us-gaap_NetCashProvidedByUsedInInvestingActivities_7c8e1730-9656-11e2-88e7-12313d1a0274" xlink:type="arc" />
    <loc xlink:href="http://xbrl.fasb.org/us-gaap/2013/elts/us-gaap-2013-01-31.xsd#us-gaap_PaymentsToAcquirePropertyPlantAndEquipment" xlink:label="loc_us-gaap_PaymentsToAcquirePropertyPlantAndEquipment_8b21b464-9656-11e2-88e7-12313d1a0274" xlink:type="locator" />
    <calculationArc order="1" weight="-1" xlink:arcrole="http://www.xbrl.org/2003/arcrole/summation-item" xlink:from="loc_us-gaap_NetCashProvidedByUsedInInvestingActivities_7c8e1730-9656-11e2-88e7-12313d1a0274" xlink:to="loc_us-gaap_PaymentsToAcquirePropertyPlantAndEquipment_8b21b464-9656-11e2-88e7-12313d1a0274" xlink:type="arc" />
    <loc xlink:href="http://xbrl.fasb.org/us-gaap/2013/elts/us-gaap-2013-01-31.xsd#us-gaap_PaymentsToAcquireIntangibleAssets" xlink:label="loc_us-gaap_PaymentsToAcquireIntangibleAssets_8b6ec042-9656-11e2-88e7-12313d1a0274" xlink:type="locator" />
    <calculationArc order="2" weight="-1" xlink:arcrole="http://www.xbrl.org/2003/arcrole/summation-item" xlink:from="loc_us-gaap_NetCashProvidedByUsedInInvestingActivities_7c8e1730-9656-11e2-88e7-12313d1a0274" xlink:to="loc_us-gaap_PaymentsToAcquireIntangibleAssets_8b6ec042-9656-11e2-88e7-12313d1a0274" xlink:type="arc" />
    <loc xlink:href="http://xbrl.fasb.org/us-gaap/2013/elts/us-gaap-2013-01-31.xsd#us-gaap_PaymentsToAcquireBusinessesNetOfCashAcquired" xlink:label="loc_us-gaap_PaymentsToAcquireBusinessesNetOfCashAcquired_8acc97f4-9656-11e2-88e7-12313d1a0274" xlink:type="locator" />
    <calculationArc order="3" weight="-1" xlink:arcrole="http://www.xbrl.org/2003/arcrole/summation-item" xlink:from="loc_us-gaap_NetCashProvidedByUsedInInvestingActivities_7c8e1730-9656-11e2-88e7-12313d1a0274" xlink:to="loc_us-gaap_PaymentsToAcquireBusinessesNetOfCashAcquired_8acc97f4-9656-11e2-88e7-12313d1a0274" xlink:type="arc" />
    <loc xlink:href="http://xbrl.fasb.org/us-gaap/2013/elts/us-gaap-2013-01-31.xsd#us-gaap_EscrowDepositDisbursementsRelatedToPropertyAcquisition1" xlink:label="loc_us-gaap_EscrowDepositDisbursementsRelatedToPropertyAcquisition1_43c4d0f6-9656-11e2-88e7-12313d1a0274" xlink:type="locator" />
    <calculationArc order="4" weight="-1" xlink:arcrole="http://www.xbrl.org/2003/arcrole/summation-item" xlink:from="loc_us-gaap_NetCashProvidedByUsedInInvestingActivities_7c8e1730-9656-11e2-88e7-12313d1a0274" xlink:to="loc_us-gaap_EscrowDepositDisbursementsRelatedToPropertyAcquisition1_43c4d0f6-9656-11e2-88e7-12313d1a0274" xlink:type="arc" />
    <loc xlink:href="http://xbrl.fasb.org/us-gaap/2013/elts/us-gaap-2013-01-31.xsd#us-gaap_PaymentsForProceedsFromInvestments" xlink:label="loc_us-gaap_PaymentsForProceedsFromInvestments_88feef30-9656-11e2-88e7-12313d1a0274" xlink:type="locator" />
    <calculationArc order="5" weight="-1" xlink:arcrole="http://www.xbrl.org/2003/arcrole/summation-item" xlink:from="loc_us-gaap_NetCashProvidedByUsedInInvestingActivities_7c8e1730-9656-11e2-88e7-12313d1a0274" xlink:to="loc_us-gaap_PaymentsForProceedsFromInvestments_88feef30-9656-11e2-88e7-12313d1a0274" xlink:type="arc" />
    <loc xlink:href="http://xbrl.fasb.org/us-gaap/2013/elts/us-gaap-2013-01-31.xsd#us-gaap_ProceedsFromSaleOfPropertyPlantAndEquipment" xlink:label="loc_us-gaap_ProceedsFromSaleOfPropertyPlantAndEquipment_933fdd60-9656-11e2-88e7-12313d1a0274" xlink:type="locator" />
    <calculationArc order="6" weight="1" xlink:arcrole="http://www.xbrl.org/2003/arcrole/summation-item" xlink:from="loc_us-gaap_NetCashProvidedByUsedInInvestingActivities_7c8e1730-9656-11e2-88e7-12313d1a0274" xlink:to="loc_us-gaap_ProceedsFromSaleOfPropertyPlantAndEquipment_933fdd60-9656-11e2-88e7-12313d1a0274" xlink:type="arc" />
    <loc xlink:href="http://xbrl.fasb.org/us-gaap/2013/elts/us-gaap-2013-01-31.xsd#us-gaap_ProceedsFromInsuranceSettlementInvestingActivities" xlink:label="loc_us-gaap_ProceedsFromInsuranceSettlementInvestingActivities_92d71fc8-9656-11e2-88e7-12313d1a0274" xlink:type="locator" />
    <calculationArc order="7" weight="1" xlink:arcrole="http://www.xbrl.org/2003/arcrole/summation-item" xlink:from="loc_us-gaap_NetCashProvidedByUsedInInvestingActivities_7c8e1730-9656-11e2-88e7-12313d1a0274" xlink:to="loc_us-gaap_ProceedsFromInsuranceSettlementInvestingActivities_92d71fc8-9656-11e2-88e7-12313d1a0274" xlink:type="arc" />
    <loc xlink:href="http://xbrl.fasb.org/us-gaap/2013/elts/us-gaap-2013-01-31.xsd#us-gaap_PaymentsForProceedsFromLifeInsurancePolicies" xlink:label="loc_us-gaap_PaymentsForProceedsFromLifeInsurancePolicies_892ba03e-9656-11e2-88e7-12313d1a0274" xlink:type="locator" />
    <calculationArc order="8" weight="-1" xlink:arcrole="http://www.xbrl.org/2003/arcrole/summation-item" xlink:from="loc_us-gaap_NetCashProvidedByUsedInInvestingActivities_7c8e1730-9656-11e2-88e7-12313d1a0274" xlink:to="loc_us-gaap_PaymentsForProceedsFromLifeInsurancePolicies_892ba03e-9656-11e2-88e7-12313d1a0274" xlink:type="arc" />
    <loc xlink:href="http://xbrl.fasb.org/us-gaap/2013/elts/us-gaap-2013-01-31.xsd#us-gaap_NetCashProvidedByUsedInOperatingActivities" xlink:label="loc_us-gaap_NetCashProvidedByUsedInOperatingActivities_7cb5e5da-9656-11e2-88e7-12313d1a0274" xlink:type="locator" />
    <calculationArc order="3" weight="1" xlink:arcrole="http://www.xbrl.org/2003/arcrole/summation-item" xlink:from="loc_us-gaap_CashAndCashEquivalentsPeriodIncreaseDecrease_181e990a-9656-11e2-88e7-12313d1a0274" xlink:to="loc_us-gaap_NetCashProvidedByUsedInOperatingActivities_7cb5e5da-9656-11e2-88e7-12313d1a0274" xlink:type="arc" />
    <loc xlink:href="http://xbrl.fasb.org/us-gaap/2013/elts/us-gaap-2013-01-31.xsd#us-gaap_ProfitLoss" xlink:label="loc_us-gaap_ProfitLoss_93e5ee3a-9656-11e2-88e7-12313d1a0274" xlink:type="locator" />
    <calculationArc order="1" weight="1" xlink:arcrole="http://www.xbrl.org/2003/arcrole/summation-item" xlink:from="loc_us-gaap_NetCashProvidedByUsedInOperatingActivities_7cb5e5da-9656-11e2-88e7-12313d1a0274" xlink:to="loc_us-gaap_ProfitLoss_93e5ee3a-9656-11e2-88e7-12313d1a0274" xlink:type="arc" />
    <loc xlink:href="http://xbrl.fasb.org/us-gaap/2013/elts/us-gaap-2013-01-31.xsd#us-gaap_ShareBasedCompensation" xlink:label="loc_us-gaap_ShareBasedCompensation_ab78f61e-9656-11e2-88e7-12313d1a0274" xlink:type="locator" />
    <calculationArc order="2" weight="1" xlink:arcrole="http://www.xbrl.org/2003/arcrole/summation-item" xlink:from="loc_us-gaap_NetCashProvidedByUsedInOperatingActivities_7cb5e5da-9656-11e2-88e7-12313d1a0274" xlink:to="loc_us-gaap_ShareBasedCompensation_ab78f61e-9656-11e2-88e7-12313d1a0274" xlink:type="arc" />
    <loc xlink:href="http://xbrl.fasb.org/us-gaap/2013/elts/us-gaap-2013-01-31.xsd#us-gaap_DepreciationDepletionAndAmortization" xlink:label="loc_us-gaap_DepreciationDepletionAndAmortization_328d60be-9656-11e2-88e7-12313d1a0274" xlink:type="locator" />
    <calculationArc order="3" weight="1" xlink:arcrole="http://www.xbrl.org/2003/arcrole/summation-item" xlink:from="loc_us-gaap_NetCashProvidedByUsedInOperatingActivities_7cb5e5da-9656-11e2-88e7-12313d1a0274" xlink:to="loc_us-gaap_DepreciationDepletionAndAmortization_328d60be-9656-11e2-88e7-12313d1a0274" xlink:type="arc" />
    <loc xlink:href="http://xbrl.fasb.org/us-gaap/2013/elts/us-gaap-2013-01-31.xsd#us-gaap_AmortizationOfFinancingCosts" xlink:label="loc_us-gaap_AmortizationOfFinancingCosts_0c1127ae-9656-11e2-88e7-12313d1a0274" xlink:type="locator" />
    <calculationArc order="4" weight="1" xlink:arcrole="http://www.xbrl.org/2003/arcrole/summation-item" xlink:from="loc_us-gaap_NetCashProvidedByUsedInOperatingActivities_7cb5e5da-9656-11e2-88e7-12313d1a0274" xlink:to="loc_us-gaap_AmortizationOfFinancingCosts_0c1127ae-9656-11e2-88e7-12313d1a0274" xlink:type="arc" />
    <loc xlink:href="http://xbrl.fasb.org/us-gaap/2013/elts/us-gaap-2013-01-31.xsd#us-gaap_IncreaseDecreaseInInsuranceAssets" xlink:label="loc_us-gaap_IncreaseDecreaseInInsuranceAssets_63955e46-9656-11e2-88e7-12313d1a0274" xlink:type="locator" />
    <calculationArc order="5" weight="1" xlink:arcrole="http://www.xbrl.org/2003/arcrole/summation-item" xlink:from="loc_us-gaap_NetCashProvidedByUsedInOperatingActivities_7cb5e5da-9656-11e2-88e7-12313d1a0274" xlink:to="loc_us-gaap_IncreaseDecreaseInInsuranceAssets_63955e46-9656-11e2-88e7-12313d1a0274" xlink:type="arc" />
    <loc xlink:href="http://xbrl.fasb.org/us-gaap/2013/elts/us-gaap-2013-01-31.xsd#us-gaap_DeferredIncomeTaxExpenseBenefit" xlink:label="loc_us-gaap_DeferredIncomeTaxExpenseBenefit_2a198e26-9656-11e2-88e7-12313d1a0274" xlink:type="locator" />
    <calculationArc order="6" weight="1" xlink:arcrole="http://www.xbrl.org/2003/arcrole/summation-item" xlink:from="loc_us-gaap_NetCashProvidedByUsedInOperatingActivities_7cb5e5da-9656-11e2-88e7-12313d1a0274" xlink:to="loc_us-gaap_DeferredIncomeTaxExpenseBenefit_2a198e26-9656-11e2-88e7-12313d1a0274" xlink:type="arc" />
    <loc xlink:href="http://xbrl.fasb.org/us-gaap/2013/elts/us-gaap-2013-01-31.xsd#us-gaap_OtherNoncashIncomeExpense" xlink:label="loc_us-gaap_OtherNoncashIncomeExpense_83825128-9656-11e2-88e7-12313d1a0274" xlink:type="locator" />
    <calculationArc order="7" weight="1" xlink:arcrole="http://www.xbrl.org/2003/arcrole/summation-item" xlink:from="loc_us-gaap_NetCashProvidedByUsedInOperatingActivities_7cb5e5da-9656-11e2-88e7-12313d1a0274" xlink:to="loc_us-gaap_OtherNoncashIncomeExpense_83825128-9656-11e2-88e7-12313d1a0274" xlink:type="arc" />
    <loc xlink:href="http://xbrl.fasb.org/us-gaap/2013/elts/us-gaap-2013-01-31.xsd#us-gaap_IncreaseDecreaseInAccountsReceivable" xlink:label="loc_us-gaap_IncreaseDecreaseInAccountsReceivable_62c142a0-9656-11e2-88e7-12313d1a0274" xlink:type="locator" />
    <calculationArc order="8" weight="1" xlink:arcrole="http://www.xbrl.org/2003/arcrole/summation-item" xlink:from="loc_us-gaap_NetCashProvidedByUsedInOperatingActivities_7cb5e5da-9656-11e2-88e7-12313d1a0274" xlink:to="loc_us-gaap_IncreaseDecreaseInAccountsReceivable_62c142a0-9656-11e2-88e7-12313d1a0274" xlink:type="arc" />
    <loc xlink:href="http://xbrl.fasb.org/us-gaap/2013/elts/us-gaap-2013-01-31.xsd#us-gaap_IncreaseDecreaseInInventories" xlink:label="loc_us-gaap_IncreaseDecreaseInInventories_63654850-9656-11e2-88e7-12313d1a0274" xlink:type="locator" />
    <calculationArc order="9" weight="1" xlink:arcrole="http://www.xbrl.org/2003/arcrole/summation-item" xlink:from="loc_us-gaap_NetCashProvidedByUsedInOperatingActivities_7cb5e5da-9656-11e2-88e7-12313d1a0274" xlink:to="loc_us-gaap_IncreaseDecreaseInInventories_63654850-9656-11e2-88e7-12313d1a0274" xlink:type="arc" />
    <loc xlink:href="http://xbrl.fasb.org/us-gaap/2013/elts/us-gaap-2013-01-31.xsd#us-gaap_IncreaseDecreaseInPrepaidDeferredExpenseAndOtherAssets" xlink:label="loc_us-gaap_IncreaseDecreaseInPrepaidDeferredExpenseAndOtherAssets_63b112d0-9656-11e2-88e7-12313d1a0274" xlink:type="locator" />
    <calculationArc order="10" weight="1" xlink:arcrole="http://www.xbrl.org/2003/arcrole/summation-item" xlink:from="loc_us-gaap_NetCashProvidedByUsedInOperatingActivities_7cb5e5da-9656-11e2-88e7-12313d1a0274" xlink:to="loc_us-gaap_IncreaseDecreaseInPrepaidDeferredExpenseAndOtherAssets_63b112d0-9656-11e2-88e7-12313d1a0274" xlink:type="arc" />
    <loc xlink:href="http://xbrl.fasb.org/us-gaap/2013/elts/us-gaap-2013-01-31.xsd#us-gaap_IncreaseDecreaseInOtherOperatingAssets" xlink:label="loc_us-gaap_IncreaseDecreaseInOtherOperatingAssets_63a56200-9656-11e2-88e7-12313d1a0274" xlink:type="locator" />
    <calculationArc order="11" weight="1" xlink:arcrole="http://www.xbrl.org/2003/arcrole/summation-item" xlink:from="loc_us-gaap_NetCashProvidedByUsedInOperatingActivities_7cb5e5da-9656-11e2-88e7-12313d1a0274" xlink:to="loc_us-gaap_IncreaseDecreaseInOtherOperatingAssets_63a56200-9656-11e2-88e7-12313d1a0274" xlink:type="arc" />
    <loc xlink:href="http://xbrl.fasb.org/us-gaap/2013/elts/us-gaap-2013-01-31.xsd#us-gaap_IncreaseDecreaseInAccountsPayable" xlink:label="loc_us-gaap_IncreaseDecreaseInAccountsPayable_62fc0fe8-9656-11e2-88e7-12313d1a0274" xlink:type="locator" />
    <calculationArc order="12" weight="1" xlink:arcrole="http://www.xbrl.org/2003/arcrole/summation-item" xlink:from="loc_us-gaap_NetCashProvidedByUsedInOperatingActivities_7cb5e5da-9656-11e2-88e7-12313d1a0274" xlink:to="loc_us-gaap_IncreaseDecreaseInAccountsPayable_62fc0fe8-9656-11e2-88e7-12313d1a0274" xlink:type="arc" />
    <loc xlink:href="http://xbrl.fasb.org/us-gaap/2013/elts/us-gaap-2013-01-31.xsd#us-gaap_IncreaseDecreaseInAccruedLiabilities" xlink:label="loc_us-gaap_IncreaseDecreaseInAccruedLiabilities_63111686-9656-11e2-88e7-12313d1a0274" xlink:type="locator" />
    <calculationArc order="13" weight="1" xlink:arcrole="http://www.xbrl.org/2003/arcrole/summation-item" xlink:from="loc_us-gaap_NetCashProvidedByUsedInOperatingActivities_7cb5e5da-9656-11e2-88e7-12313d1a0274" xlink:to="loc_us-gaap_IncreaseDecreaseInAccruedLiabilities_63111686-9656-11e2-88e7-12313d1a0274" xlink:type="arc" />
    <loc xlink:href="http://xbrl.fasb.org/us-gaap/2013/elts/us-gaap-2013-01-31.xsd#us-gaap_IncreaseDecreaseInOtherOperatingLiabilities" xlink:label="loc_us-gaap_IncreaseDecreaseInOtherOperatingLiabilities_634bf698-9656-11e2-88e7-12313d1a0274" xlink:type="locator" />
    <calculationArc order="14" weight="1" xlink:arcrole="http://www.xbrl.org/2003/arcrole/summation-item" xlink:from="loc_us-gaap_NetCashProvidedByUsedInOperatingActivities_7cb5e5da-9656-11e2-88e7-12313d1a0274" xlink:to="loc_us-gaap_IncreaseDecreaseInOtherOperatingLiabilities_634bf698-9656-11e2-88e7-12313d1a0274" xlink:type="arc" />
  </calculationLink>
  <calculationLink xlink:role="http://www.corelab.com/role/StatementOfIncome" xlink:type="extended">
    <loc xlink:href="http://xbrl.fasb.org/us-gaap/2013/elts/us-gaap-2013-01-31.xsd#us-gaap_NetIncomeLoss" xlink:label="loc_us-gaap_NetIncomeLoss_7cc2c354-9656-11e2-88e7-12313d1a0274" xlink:type="locator" />
    <loc xlink:href="http://xbrl.fasb.org/us-gaap/2013/elts/us-gaap-2013-01-31.xsd#us-gaap_ProfitLoss" xlink:label="loc_us-gaap_ProfitLoss_93e5ee3a-9656-11e2-88e7-12313d1a0274" xlink:type="locator" />
    <calculationArc order="1" weight="1" xlink:arcrole="http://www.xbrl.org/2003/arcrole/summation-item" xlink:from="loc_us-gaap_NetIncomeLoss_7cc2c354-9656-11e2-88e7-12313d1a0274" xlink:to="loc_us-gaap_ProfitLoss_93e5ee3a-9656-11e2-88e7-12313d1a0274" xlink:type="arc" />
    <loc xlink:href="http://xbrl.fasb.org/us-gaap/2013/elts/us-gaap-2013-01-31.xsd#us-gaap_IncomeLossFromContinuingOperationsBeforeIncomeTaxesExtraordinaryItemsNoncontrollingInterest" xlink:label="loc_us-gaap_IncomeLossFromContinuingOperationsBeforeIncomeTaxesExtraordinaryItemsNoncontrollingInterest_602ea2e4-9656-11e2-88e7-12313d1a0274" xlink:type="locator" />
    <calculationArc order="1" weight="1" xlink:arcrole="http://www.xbrl.org/2003/arcrole/summation-item" xlink:from="loc_us-gaap_ProfitLoss_93e5ee3a-9656-11e2-88e7-12313d1a0274" xlink:to="loc_us-gaap_IncomeLossFromContinuingOperationsBeforeIncomeTaxesExtraordinaryItemsNoncontrollingInterest_602ea2e4-9656-11e2-88e7-12313d1a0274" xlink:type="arc" />
    <loc xlink:href="clb-20141231.xsd#clb_IncomeBeforeInterestExpenseAndTaxes" xlink:label="loc_clb_IncomeBeforeInterestExpenseAndTaxes_a7701119-9fe8-0fb4-30ba-f41f50fe5fc3" xlink:type="locator" />
    <calculationArc order="1" weight="1" xlink:arcrole="http://www.xbrl.org/2003/arcrole/summation-item" xlink:from="loc_us-gaap_IncomeLossFromContinuingOperationsBeforeIncomeTaxesExtraordinaryItemsNoncontrollingInterest_602ea2e4-9656-11e2-88e7-12313d1a0274" xlink:to="loc_clb_IncomeBeforeInterestExpenseAndTaxes_a7701119-9fe8-0fb4-30ba-f41f50fe5fc3" xlink:type="arc" />
    <loc xlink:href="http://xbrl.fasb.org/us-gaap/2013/elts/us-gaap-2013-01-31.xsd#us-gaap_CostOfServicesExcludingDepreciationDepletionAndAmortization" xlink:label="loc_us-gaap_CostOfServicesExcludingDepreciationDepletionAndAmortization_2304fdbe-9656-11e2-88e7-12313d1a0274" xlink:type="locator" />
    <calculationArc order="1" weight="-1" xlink:arcrole="http://www.xbrl.org/2003/arcrole/summation-item" xlink:from="loc_clb_IncomeBeforeInterestExpenseAndTaxes_a7701119-9fe8-0fb4-30ba-f41f50fe5fc3" xlink:to="loc_us-gaap_CostOfServicesExcludingDepreciationDepletionAndAmortization_2304fdbe-9656-11e2-88e7-12313d1a0274" xlink:type="arc" />
    <loc xlink:href="http://xbrl.fasb.org/us-gaap/2013/elts/us-gaap-2013-01-31.xsd#us-gaap_CostOfGoodsSoldExcludingDepreciationDepletionAndAmortization" xlink:label="loc_us-gaap_CostOfGoodsSoldExcludingDepreciationDepletionAndAmortization_236b3d40-9656-11e2-88e7-12313d1a0274" xlink:type="locator" />
    <calculationArc order="2" weight="-1" xlink:arcrole="http://www.xbrl.org/2003/arcrole/summation-item" xlink:from="loc_clb_IncomeBeforeInterestExpenseAndTaxes_a7701119-9fe8-0fb4-30ba-f41f50fe5fc3" xlink:to="loc_us-gaap_CostOfGoodsSoldExcludingDepreciationDepletionAndAmortization_236b3d40-9656-11e2-88e7-12313d1a0274" xlink:type="arc" />
    <loc xlink:href="clb-20141231.xsd#clb_GeneralAndAdministrativeExpenseExcludingDepreciation" xlink:label="loc_clb_GeneralAndAdministrativeExpenseExcludingDepreciation_8881c49d-7359-72c4-d5b2-f41f4d16abbd" xlink:type="locator" />
    <calculationArc order="3" weight="-1" xlink:arcrole="http://www.xbrl.org/2003/arcrole/summation-item" xlink:from="loc_clb_IncomeBeforeInterestExpenseAndTaxes_a7701119-9fe8-0fb4-30ba-f41f50fe5fc3" xlink:to="loc_clb_GeneralAndAdministrativeExpenseExcludingDepreciation_8881c49d-7359-72c4-d5b2-f41f4d16abbd" xlink:type="arc" />
    <loc xlink:href="http://xbrl.fasb.org/us-gaap/2013/elts/us-gaap-2013-01-31.xsd#us-gaap_Depreciation" xlink:label="loc_us-gaap_Depreciation_3283801c-9656-11e2-88e7-12313d1a0274" xlink:type="locator" />
    <calculationArc order="4" weight="-1" xlink:arcrole="http://www.xbrl.org/2003/arcrole/summation-item" xlink:from="loc_clb_IncomeBeforeInterestExpenseAndTaxes_a7701119-9fe8-0fb4-30ba-f41f50fe5fc3" xlink:to="loc_us-gaap_Depreciation_3283801c-9656-11e2-88e7-12313d1a0274" xlink:type="arc" />
    <loc xlink:href="http://xbrl.fasb.org/us-gaap/2013/elts/us-gaap-2013-01-31.xsd#us-gaap_AmortizationOfIntangibleAssets" xlink:label="loc_us-gaap_AmortizationOfIntangibleAssets_0c1661b0-9656-11e2-88e7-12313d1a0274" xlink:type="locator" />
    <calculationArc order="5" weight="-1" xlink:arcrole="http://www.xbrl.org/2003/arcrole/summation-item" xlink:from="loc_clb_IncomeBeforeInterestExpenseAndTaxes_a7701119-9fe8-0fb4-30ba-f41f50fe5fc3" xlink:to="loc_us-gaap_AmortizationOfIntangibleAssets_0c1661b0-9656-11e2-88e7-12313d1a0274" xlink:type="arc" />
    <loc xlink:href="http://xbrl.fasb.org/us-gaap/2013/elts/us-gaap-2013-01-31.xsd#us-gaap_OtherOperatingIncomeExpenseNet" xlink:label="loc_us-gaap_OtherOperatingIncomeExpenseNet_83a40a3e-9656-11e2-88e7-12313d1a0274" xlink:type="locator" />
    <calculationArc order="6" weight="1" xlink:arcrole="http://www.xbrl.org/2003/arcrole/summation-item" xlink:from="loc_clb_IncomeBeforeInterestExpenseAndTaxes_a7701119-9fe8-0fb4-30ba-f41f50fe5fc3" xlink:to="loc_us-gaap_OtherOperatingIncomeExpenseNet_83a40a3e-9656-11e2-88e7-12313d1a0274" xlink:type="arc" />
    <loc xlink:href="http://xbrl.fasb.org/us-gaap/2013/elts/us-gaap-2013-01-31.xsd#us-gaap_SalesRevenueNet" xlink:label="loc_us-gaap_SalesRevenueNet_a7332b38-9656-11e2-88e7-12313d1a0274" xlink:type="locator" />
    <calculationArc order="7" weight="1" xlink:arcrole="http://www.xbrl.org/2003/arcrole/summation-item" xlink:from="loc_clb_IncomeBeforeInterestExpenseAndTaxes_a7701119-9fe8-0fb4-30ba-f41f50fe5fc3" xlink:to="loc_us-gaap_SalesRevenueNet_a7332b38-9656-11e2-88e7-12313d1a0274" xlink:type="arc" />
    <loc xlink:href="http://xbrl.fasb.org/us-gaap/2013/elts/us-gaap-2013-01-31.xsd#us-gaap_SalesRevenueServicesNet" xlink:label="loc_us-gaap_SalesRevenueServicesNet_a73bc11c-9656-11e2-88e7-12313d1a0274" xlink:type="locator" />
    <calculationArc order="1" weight="1" xlink:arcrole="http://www.xbrl.org/2003/arcrole/summation-item" xlink:from="loc_us-gaap_SalesRevenueNet_a7332b38-9656-11e2-88e7-12313d1a0274" xlink:to="loc_us-gaap_SalesRevenueServicesNet_a73bc11c-9656-11e2-88e7-12313d1a0274" xlink:type="arc" />
    <loc xlink:href="http://xbrl.fasb.org/us-gaap/2013/elts/us-gaap-2013-01-31.xsd#us-gaap_SalesRevenueGoodsNet" xlink:label="loc_us-gaap_SalesRevenueGoodsNet_a73282be-9656-11e2-88e7-12313d1a0274" xlink:type="locator" />
    <calculationArc order="2" weight="1" xlink:arcrole="http://www.xbrl.org/2003/arcrole/summation-item" xlink:from="loc_us-gaap_SalesRevenueNet_a7332b38-9656-11e2-88e7-12313d1a0274" xlink:to="loc_us-gaap_SalesRevenueGoodsNet_a73282be-9656-11e2-88e7-12313d1a0274" xlink:type="arc" />
    <loc xlink:href="http://xbrl.fasb.org/us-gaap/2013/elts/us-gaap-2013-01-31.xsd#us-gaap_InterestExpense" xlink:label="loc_us-gaap_InterestExpense_678fa826-9656-11e2-88e7-12313d1a0274" xlink:type="locator" />
    <calculationArc order="2" weight="-1" xlink:arcrole="http://www.xbrl.org/2003/arcrole/summation-item" xlink:from="loc_us-gaap_IncomeLossFromContinuingOperationsBeforeIncomeTaxesExtraordinaryItemsNoncontrollingInterest_602ea2e4-9656-11e2-88e7-12313d1a0274" xlink:to="loc_us-gaap_InterestExpense_678fa826-9656-11e2-88e7-12313d1a0274" xlink:type="arc" />
    <loc xlink:href="http://xbrl.fasb.org/us-gaap/2013/elts/us-gaap-2013-01-31.xsd#us-gaap_IncomeTaxExpenseBenefit" xlink:label="loc_us-gaap_IncomeTaxExpenseBenefit_610ca94a-9656-11e2-88e7-12313d1a0274" xlink:type="locator" />
    <calculationArc order="2" weight="-1" xlink:arcrole="http://www.xbrl.org/2003/arcrole/summation-item" xlink:from="loc_us-gaap_ProfitLoss_93e5ee3a-9656-11e2-88e7-12313d1a0274" xlink:to="loc_us-gaap_IncomeTaxExpenseBenefit_610ca94a-9656-11e2-88e7-12313d1a0274" xlink:type="arc" />
    <loc xlink:href="http://xbrl.fasb.org/us-gaap/2013/elts/us-gaap-2013-01-31.xsd#us-gaap_NetIncomeLossAttributableToNoncontrollingInterest" xlink:label="loc_us-gaap_NetIncomeLossAttributableToNoncontrollingInterest_7ccc070c-9656-11e2-88e7-12313d1a0274" xlink:type="locator" />
    <calculationArc order="2" weight="-1" xlink:arcrole="http://www.xbrl.org/2003/arcrole/summation-item" xlink:from="loc_us-gaap_NetIncomeLoss_7cc2c354-9656-11e2-88e7-12313d1a0274" xlink:to="loc_us-gaap_NetIncomeLossAttributableToNoncontrollingInterest_7ccc070c-9656-11e2-88e7-12313d1a0274" xlink:type="arc" />
  </calculationLink>
  <calculationLink xlink:role="http://www.corelab.com/role/StatementOfShareholdersEquity" xlink:type="extended">
    <loc xlink:href="http://xbrl.fasb.org/us-gaap/2013/elts/us-gaap-2013-01-31.xsd#us-gaap_ComprehensiveIncomeNetOfTaxIncludingPortionAttributableToNoncontrollingInterest" xlink:label="loc_us-gaap_ComprehensiveIncomeNetOfTaxIncludingPortionAttributableToNoncontrollingInterest_20164144-9656-11e2-88e7-12313d1a0274" xlink:type="locator" />
    <loc xlink:href="http://xbrl.fasb.org/us-gaap/2013/elts/us-gaap-2013-01-31.xsd#us-gaap_OtherComprehensiveIncomeLossPensionAndOtherPostretirementBenefitPlansAdjustmentNetOfTax" xlink:label="loc_us-gaap_OtherComprehensiveIncomeLossPensionAndOtherPostretirementBenefitPlansAdjustmentNetOfTax_827d625e-9656-11e2-88e7-12313d1a0274" xlink:type="locator" />
    <calculationArc order="1" weight="-1" xlink:arcrole="http://www.xbrl.org/2003/arcrole/summation-item" xlink:from="loc_us-gaap_ComprehensiveIncomeNetOfTaxIncludingPortionAttributableToNoncontrollingInterest_20164144-9656-11e2-88e7-12313d1a0274" xlink:to="loc_us-gaap_OtherComprehensiveIncomeLossPensionAndOtherPostretirementBenefitPlansAdjustmentNetOfTax_827d625e-9656-11e2-88e7-12313d1a0274" xlink:type="arc" />
    <loc xlink:href="http://xbrl.fasb.org/us-gaap/2013/elts/us-gaap-2013-01-31.xsd#us-gaap_OtherComprehensiveIncomeLossAmortizationAdjustmentFromAOCIPensionAndOtherPostretirementBenefitPlansForNetPriorServiceCostCreditNetOfTax" xlink:label="loc_us-gaap_OtherComprehensiveIncomeLossAmortizationAdjustmentFromAOCIPensionAndOtherPostretirementBenefitPlansForNetPriorServiceCostCreditNetOfTax_82838616-9656-11e2-88e7-12313d1a0274" xlink:type="locator" />
    <calculationArc order="2" weight="1" xlink:arcrole="http://www.xbrl.org/2003/arcrole/summation-item" xlink:from="loc_us-gaap_ComprehensiveIncomeNetOfTaxIncludingPortionAttributableToNoncontrollingInterest_20164144-9656-11e2-88e7-12313d1a0274" xlink:to="loc_us-gaap_OtherComprehensiveIncomeLossAmortizationAdjustmentFromAOCIPensionAndOtherPostretirementBenefitPlansForNetPriorServiceCostCreditNetOfTax_82838616-9656-11e2-88e7-12313d1a0274" xlink:type="arc" />
    <loc xlink:href="http://xbrl.fasb.org/us-gaap/2013/elts/us-gaap-2013-01-31.xsd#us-gaap_ProfitLoss" xlink:label="loc_us-gaap_ProfitLoss_93e5ee3a-9656-11e2-88e7-12313d1a0274" xlink:type="locator" />
    <calculationArc order="3" weight="1" xlink:arcrole="http://www.xbrl.org/2003/arcrole/summation-item" xlink:from="loc_us-gaap_ComprehensiveIncomeNetOfTaxIncludingPortionAttributableToNoncontrollingInterest_20164144-9656-11e2-88e7-12313d1a0274" xlink:to="loc_us-gaap_ProfitLoss_93e5ee3a-9656-11e2-88e7-12313d1a0274" xlink:type="arc" />
  </calculationLink>
  <calculationLink xlink:role="http://www.corelab.com/role/StockBasedCompensation" xlink:type="extended" />
  <calculationLink xlink:role="http://www.corelab.com/role/StockBasedCompensationDetails" xlink:type="extended" />
  <calculationLink xlink:role="http://www.corelab.com/role/StockBasedCompensationEmployeeServiceShareBasedCompensationAllocationOfCostsDetails" xlink:type="extended" />
  <calculationLink xlink:role="http://www.corelab.com/role/StockBasedCompensationShareBasedCompensationByPaymentAwardDetails" xlink:type="extended" />
  <calculationLink xlink:role="http://www.corelab.com/role/StockBasedCompensationStockBasedCompensationPhantomDetails" xlink:type="extended" />
  <calculationLink xlink:role="http://www.corelab.com/role/StockBasedCompensationTables" xlink:type="extended" />
  <calculationLink xlink:role="http://www.corelab.com/role/UnauditedSelectedQuarterlyResultsOfOperations" xlink:type="extended" />
  <calculationLink xlink:role="http://www.corelab.com/role/UnauditedSelectedQuarterlyResultsOfOperationsDetails" xlink:type="extended">
    <loc xlink:href="http://xbrl.fasb.org/us-gaap/2013/elts/us-gaap-2013-01-31.xsd#us-gaap_IncomeLossFromContinuingOperationsBeforeIncomeTaxesExtraordinaryItemsNoncontrollingInterest" xlink:label="loc_us-gaap_IncomeLossFromContinuingOperationsBeforeIncomeTaxesExtraordinaryItemsNoncontrollingInterest_602ea2e4-9656-11e2-88e7-12313d1a0274" xlink:type="locator" />
    <loc xlink:href="clb-20141231.xsd#clb_IncomeBeforeInterestExpenseAndTaxes" xlink:label="loc_clb_IncomeBeforeInterestExpenseAndTaxes_a7701119-9fe8-0fb4-30ba-f41f50fe5fc3" xlink:type="locator" />
    <calculationArc order="1" weight="1" xlink:arcrole="http://www.xbrl.org/2003/arcrole/summation-item" xlink:from="loc_us-gaap_IncomeLossFromContinuingOperationsBeforeIncomeTaxesExtraordinaryItemsNoncontrollingInterest_602ea2e4-9656-11e2-88e7-12313d1a0274" xlink:to="loc_clb_IncomeBeforeInterestExpenseAndTaxes_a7701119-9fe8-0fb4-30ba-f41f50fe5fc3" xlink:type="arc" />
    <loc xlink:href="http://xbrl.fasb.org/us-gaap/2013/elts/us-gaap-2013-01-31.xsd#us-gaap_SalesRevenueNet" xlink:label="loc_us-gaap_SalesRevenueNet_a7332b38-9656-11e2-88e7-12313d1a0274" xlink:type="locator" />
    <calculationArc order="1" weight="1" xlink:arcrole="http://www.xbrl.org/2003/arcrole/summation-item" xlink:from="loc_clb_IncomeBeforeInterestExpenseAndTaxes_a7701119-9fe8-0fb4-30ba-f41f50fe5fc3" xlink:to="loc_us-gaap_SalesRevenueNet_a7332b38-9656-11e2-88e7-12313d1a0274" xlink:type="arc" />
    <loc xlink:href="clb-20141231.xsd#clb_CostOfServicesAndGoodsSold" xlink:label="loc_clb_CostOfServicesAndGoodsSold_9360fcf9-07b4-82e7-7116-f41f56daf77c" xlink:type="locator" />
    <calculationArc order="2" weight="-1" xlink:arcrole="http://www.xbrl.org/2003/arcrole/summation-item" xlink:from="loc_clb_IncomeBeforeInterestExpenseAndTaxes_a7701119-9fe8-0fb4-30ba-f41f50fe5fc3" xlink:to="loc_clb_CostOfServicesAndGoodsSold_9360fcf9-07b4-82e7-7116-f41f56daf77c" xlink:type="arc" />
    <loc xlink:href="clb-20141231.xsd#clb_OtherOperatingExpenses" xlink:label="loc_clb_OtherOperatingExpenses_b4b2b9d6-fb88-92e5-0092-f41f4ae478be" xlink:type="locator" />
    <calculationArc order="3" weight="-1" xlink:arcrole="http://www.xbrl.org/2003/arcrole/summation-item" xlink:from="loc_clb_IncomeBeforeInterestExpenseAndTaxes_a7701119-9fe8-0fb4-30ba-f41f50fe5fc3" xlink:to="loc_clb_OtherOperatingExpenses_b4b2b9d6-fb88-92e5-0092-f41f4ae478be" xlink:type="arc" />
    <loc xlink:href="clb-20141231.xsd#clb_InterestExpenseAndGainLossOnExtinguishmentOfDebt" xlink:label="loc_clb_InterestExpenseAndGainLossOnExtinguishmentOfDebt_e9526a0f-2c07-d6ea-7d58-f41f50df246c" xlink:type="locator" />
    <calculationArc order="2" weight="-1" xlink:arcrole="http://www.xbrl.org/2003/arcrole/summation-item" xlink:from="loc_us-gaap_IncomeLossFromContinuingOperationsBeforeIncomeTaxesExtraordinaryItemsNoncontrollingInterest_602ea2e4-9656-11e2-88e7-12313d1a0274" xlink:to="loc_clb_InterestExpenseAndGainLossOnExtinguishmentOfDebt_e9526a0f-2c07-d6ea-7d58-f41f50df246c" xlink:type="arc" />
  </calculationLink>
  <calculationLink xlink:role="http://www.corelab.com/role/UnauditedSelectedQuarterlyResultsOfOperationsTables" xlink:type="extended" />
</linkbase>
