<?xml version="1.0" encoding="us-ascii"?>
<!--Generated by Disclosure Solutions PROFILE 3.2.1.0 Copyright 1995 - 2015 Thomson Reuters Accelus. All rights reserved.-->
<link:linkbase xmlns:xsi="http://www.w3.org/2001/XMLSchema-instance" xsi:schemaLocation="http://www.xbrl.org/2003/linkbase http://www.xbrl.org/2003/xbrl-linkbase-2003-12-31.xsd" xmlns:link="http://www.xbrl.org/2003/linkbase" xmlns:xlink="http://www.w3.org/1999/xlink" xmlns:xbrli="http://www.xbrl.org/2003/instance">
  <link:roleRef roleURI="http://nat.bm/role/EarningsLossPerShareDetails" xlink:type="simple" xlink:href="nat-20141231.xsd#EarningsLossPerShareDetails" />
  <link:roleRef roleURI="http://nat.bm/role/AccruedLiabilitiesDetails" xlink:type="simple" xlink:href="nat-20141231.xsd#AccruedLiabilitiesDetails" />
  <link:roleRef roleURI="http://nat.bm/role/InvestmentsDetails" xlink:type="simple" xlink:href="nat-20141231.xsd#InvestmentsDetails" />
  <link:roleRef roleURI="http://nat.bm/role/OtherNoncurrentAssetsDetails" xlink:type="simple" xlink:href="nat-20141231.xsd#OtherNoncurrentAssetsDetails" />
  <link:roleRef roleURI="http://nat.bm/role/GeneralAndAdministrativeExpensesDetails" xlink:type="simple" xlink:href="nat-20141231.xsd#GeneralAndAdministrativeExpensesDetails" />
  <link:roleRef roleURI="http://nat.bm/role/RevenueDetails" xlink:type="simple" xlink:href="nat-20141231.xsd#RevenueDetails" />
  <link:roleRef roleURI="http://nat.bm/role/ConsolidatedStatementsOfCashFlows" xlink:type="simple" xlink:href="nat-20141231.xsd#ConsolidatedStatementsOfCashFlows" />
  <link:roleRef roleURI="http://nat.bm/role/ConsolidatedBalanceSheets" xlink:type="simple" xlink:href="nat-20141231.xsd#ConsolidatedBalanceSheets" />
  <link:roleRef roleURI="http://nat.bm/role/ConsolidatedStatementsOfComprehensiveIncomeLoss" xlink:type="simple" xlink:href="nat-20141231.xsd#ConsolidatedStatementsOfComprehensiveIncomeLoss" />
  <link:roleRef roleURI="http://nat.bm/role/ConsolidatedStatementsOfOperations" xlink:type="simple" xlink:href="nat-20141231.xsd#ConsolidatedStatementsOfOperations" />
  <link:calculationLink xlink:type="extended" xlink:role="http://nat.bm/role/ConsolidatedStatementsOfOperations">
    <link:loc xlink:type="locator" xlink:href="http://xbrl.fasb.org/us-gaap/2014/elts/us-gaap-2014-01-31.xsd#us-gaap_NetIncomeLoss" xlink:label="NetIncomeLoss" xlink:title="NetIncomeLoss" />
    <link:loc xlink:type="locator" xlink:href="http://xbrl.fasb.org/us-gaap/2014/elts/us-gaap-2014-01-31.xsd#us-gaap_IncomeLossFromContinuingOperationsBeforeIncomeTaxesExtraordinaryItemsNoncontrollingInterest" xlink:label="IncomeLossFromContinuingOperationsBeforeIncomeTaxesExtraordinaryItemsNoncontrollingInterest" xlink:title="IncomeLossFromContinuingOperationsBeforeIncomeTaxesExtraordinaryItemsNoncontrollingInterest" />
    <link:loc xlink:type="locator" xlink:href="http://xbrl.fasb.org/us-gaap/2014/elts/us-gaap-2014-01-31.xsd#us-gaap_OperatingIncomeLoss" xlink:label="OperatingIncomeLoss" xlink:title="OperatingIncomeLoss" />
    <link:loc xlink:type="locator" xlink:href="http://xbrl.fasb.org/us-gaap/2014/elts/us-gaap-2014-01-31.xsd#us-gaap_CargoAndFreightRevenue" xlink:label="CargoAndFreightRevenue" xlink:title="CargoAndFreightRevenue" />
    <link:calculationArc xlink:type="arc" xlink:arcrole="http://www.xbrl.org/2003/arcrole/summation-item" xlink:from="OperatingIncomeLoss" xlink:to="CargoAndFreightRevenue" xlink:title="calculation: OperatingIncomeLoss to CargoAndFreightRevenue" order="0.0" weight="1.0" />
    <link:loc xlink:type="locator" xlink:href="http://xbrl.fasb.org/us-gaap/2014/elts/us-gaap-2014-01-31.xsd#us-gaap_CostOfServices" xlink:label="CostOfServices" xlink:title="CostOfServices" />
    <link:calculationArc xlink:type="arc" xlink:arcrole="http://www.xbrl.org/2003/arcrole/summation-item" xlink:from="OperatingIncomeLoss" xlink:to="CostOfServices" xlink:title="calculation: OperatingIncomeLoss to CostOfServices" order="1.0" weight="-1.0" />
    <link:loc xlink:type="locator" xlink:href="http://xbrl.fasb.org/us-gaap/2014/elts/us-gaap-2014-01-31.xsd#us-gaap_AssetImpairmentCharges" xlink:label="AssetImpairmentCharges" xlink:title="AssetImpairmentCharges" />
    <link:calculationArc xlink:type="arc" xlink:arcrole="http://www.xbrl.org/2003/arcrole/summation-item" xlink:from="OperatingIncomeLoss" xlink:to="AssetImpairmentCharges" xlink:title="calculation: OperatingIncomeLoss to AssetImpairmentCharges" order="5.0" weight="-1.0" />
    <link:loc xlink:type="locator" xlink:href="http://xbrl.fasb.org/us-gaap/2014/elts/us-gaap-2014-01-31.xsd#us-gaap_OperatingCostsAndExpenses" xlink:label="OperatingCostsAndExpenses" xlink:title="OperatingCostsAndExpenses" />
    <link:calculationArc xlink:type="arc" xlink:arcrole="http://www.xbrl.org/2003/arcrole/summation-item" xlink:from="OperatingIncomeLoss" xlink:to="OperatingCostsAndExpenses" xlink:title="calculation: OperatingIncomeLoss to OperatingCostsAndExpenses" order="2.0" weight="-1.0" />
    <link:loc xlink:type="locator" xlink:href="http://xbrl.fasb.org/us-gaap/2014/elts/us-gaap-2014-01-31.xsd#us-gaap_GeneralAndAdministrativeExpense" xlink:label="GeneralAndAdministrativeExpense" xlink:title="GeneralAndAdministrativeExpense" />
    <link:calculationArc xlink:type="arc" xlink:arcrole="http://www.xbrl.org/2003/arcrole/summation-item" xlink:from="OperatingIncomeLoss" xlink:to="GeneralAndAdministrativeExpense" xlink:title="calculation: OperatingIncomeLoss to GeneralAndAdministrativeExpense" order="3.0" weight="-1.0" />
    <link:loc xlink:type="locator" xlink:href="http://xbrl.fasb.org/us-gaap/2014/elts/us-gaap-2014-01-31.xsd#us-gaap_GainLossOnContractTermination" xlink:label="GainLossOnContractTermination" xlink:title="GainLossOnContractTermination" />
    <link:calculationArc xlink:type="arc" xlink:arcrole="http://www.xbrl.org/2003/arcrole/summation-item" xlink:from="OperatingIncomeLoss" xlink:to="GainLossOnContractTermination" xlink:title="calculation: OperatingIncomeLoss to GainLossOnContractTermination" order="6.0" weight="1.0" />
    <link:loc xlink:type="locator" xlink:href="http://xbrl.fasb.org/us-gaap/2014/elts/us-gaap-2014-01-31.xsd#us-gaap_SalesRevenueServicesNet" xlink:label="SalesRevenueServicesNet" xlink:title="SalesRevenueServicesNet" />
    <link:calculationArc xlink:type="arc" xlink:arcrole="http://www.xbrl.org/2003/arcrole/summation-item" xlink:from="OperatingIncomeLoss" xlink:to="SalesRevenueServicesNet" xlink:title="calculation: OperatingIncomeLoss to SalesRevenueServicesNet" order="7.0" weight="1.0" />
    <link:loc xlink:type="locator" xlink:href="http://xbrl.fasb.org/us-gaap/2014/elts/us-gaap-2014-01-31.xsd#us-gaap_Depreciation" xlink:label="Depreciation" xlink:title="Depreciation" />
    <link:calculationArc xlink:type="arc" xlink:arcrole="http://www.xbrl.org/2003/arcrole/summation-item" xlink:from="OperatingIncomeLoss" xlink:to="Depreciation" xlink:title="calculation: OperatingIncomeLoss to Depreciation" order="4.0" weight="-1.0" />
    <link:calculationArc xlink:type="arc" xlink:arcrole="http://www.xbrl.org/2003/arcrole/summation-item" xlink:from="IncomeLossFromContinuingOperationsBeforeIncomeTaxesExtraordinaryItemsNoncontrollingInterest" xlink:to="OperatingIncomeLoss" xlink:title="calculation: IncomeLossFromContinuingOperationsBeforeIncomeTaxesExtraordinaryItemsNoncontrollingInterest to OperatingIncomeLoss" order="0.0" weight="1.0" />
    <link:loc xlink:type="locator" xlink:href="http://xbrl.fasb.org/us-gaap/2014/elts/us-gaap-2014-01-31.xsd#us-gaap_NonoperatingIncomeExpense" xlink:label="NonoperatingIncomeExpense" xlink:title="NonoperatingIncomeExpense" />
    <link:loc xlink:type="locator" xlink:href="http://xbrl.fasb.org/us-gaap/2014/elts/us-gaap-2014-01-31.xsd#us-gaap_OtherNonoperatingIncomeExpense" xlink:label="OtherNonoperatingIncomeExpense" xlink:title="OtherNonoperatingIncomeExpense" />
    <link:calculationArc xlink:type="arc" xlink:arcrole="http://www.xbrl.org/2003/arcrole/summation-item" xlink:from="NonoperatingIncomeExpense" xlink:to="OtherNonoperatingIncomeExpense" xlink:title="calculation: NonoperatingIncomeExpense to OtherNonoperatingIncomeExpense" order="4.0" weight="1.0" />
    <link:loc xlink:type="locator" xlink:href="nat-20141231.xsd#nat_InterestIncome" xlink:label="InterestIncome" xlink:title="InterestIncome" />
    <link:calculationArc xlink:type="arc" xlink:arcrole="http://www.xbrl.org/2003/arcrole/summation-item" xlink:from="NonoperatingIncomeExpense" xlink:to="InterestIncome" xlink:title="calculation: NonoperatingIncomeExpense to InterestIncome" order="1.0" weight="1.0" />
    <link:loc xlink:type="locator" xlink:href="http://xbrl.fasb.org/us-gaap/2014/elts/us-gaap-2014-01-31.xsd#us-gaap_InterestExpense" xlink:label="InterestExpense" xlink:title="InterestExpense" />
    <link:calculationArc xlink:type="arc" xlink:arcrole="http://www.xbrl.org/2003/arcrole/summation-item" xlink:from="NonoperatingIncomeExpense" xlink:to="InterestExpense" xlink:title="calculation: NonoperatingIncomeExpense to InterestExpense" order="2.0" weight="-1.0" />
    <link:loc xlink:type="locator" xlink:href="http://xbrl.fasb.org/us-gaap/2014/elts/us-gaap-2014-01-31.xsd#us-gaap_InvestmentIncomeDividend" xlink:label="InvestmentIncomeDividend" xlink:title="InvestmentIncomeDividend" />
    <link:calculationArc xlink:type="arc" xlink:arcrole="http://www.xbrl.org/2003/arcrole/summation-item" xlink:from="NonoperatingIncomeExpense" xlink:to="InvestmentIncomeDividend" xlink:title="calculation: NonoperatingIncomeExpense to InvestmentIncomeDividend" order="6.0" weight="1.0" />
    <link:loc xlink:type="locator" xlink:href="nat-20141231.xsd#nat_GainLossOnSaleOfInvestmentShares" xlink:label="GainLossOnSaleOfInvestmentShares" xlink:title="GainLossOnSaleOfInvestmentShares" />
    <link:calculationArc xlink:type="arc" xlink:arcrole="http://www.xbrl.org/2003/arcrole/summation-item" xlink:from="NonoperatingIncomeExpense" xlink:to="GainLossOnSaleOfInvestmentShares" xlink:title="calculation: NonoperatingIncomeExpense to GainLossOnSaleOfInvestmentShares" order="5.0" weight="1.0" />
    <link:calculationArc xlink:type="arc" xlink:arcrole="http://www.xbrl.org/2003/arcrole/summation-item" xlink:from="IncomeLossFromContinuingOperationsBeforeIncomeTaxesExtraordinaryItemsNoncontrollingInterest" xlink:to="NonoperatingIncomeExpense" xlink:title="calculation: IncomeLossFromContinuingOperationsBeforeIncomeTaxesExtraordinaryItemsNoncontrollingInterest to NonoperatingIncomeExpense" order="1.0" weight="1.0" />
    <link:calculationArc xlink:type="arc" xlink:arcrole="http://www.xbrl.org/2003/arcrole/summation-item" xlink:from="NetIncomeLoss" xlink:to="IncomeLossFromContinuingOperationsBeforeIncomeTaxesExtraordinaryItemsNoncontrollingInterest" xlink:title="calculation: NetIncomeLoss to IncomeLossFromContinuingOperationsBeforeIncomeTaxesExtraordinaryItemsNoncontrollingInterest" order="0.0" weight="1.0" />
    <link:loc xlink:type="locator" xlink:href="http://xbrl.fasb.org/us-gaap/2014/elts/us-gaap-2014-01-31.xsd#us-gaap_IncomeTaxExpenseBenefit" xlink:label="IncomeTaxExpenseBenefit" xlink:title="IncomeTaxExpenseBenefit" />
    <link:calculationArc xlink:type="arc" xlink:arcrole="http://www.xbrl.org/2003/arcrole/summation-item" xlink:from="NetIncomeLoss" xlink:to="IncomeTaxExpenseBenefit" xlink:title="calculation: NetIncomeLoss to IncomeTaxExpenseBenefit" order="1.0" weight="-1.0" />
    <link:loc xlink:type="locator" xlink:href="http://xbrl.fasb.org/us-gaap/2014/elts/us-gaap-2014-01-31.xsd#us-gaap_GainLossOnInvestments" xlink:label="GainLossOnInvestments" xlink:title="GainLossOnInvestments" />
    <link:calculationArc xlink:type="arc" xlink:arcrole="http://www.xbrl.org/2003/arcrole/summation-item" xlink:from="NetIncomeLoss" xlink:to="GainLossOnInvestments" xlink:title="calculation: NetIncomeLoss to GainLossOnInvestments" order="2.0" weight="1.0" />
  </link:calculationLink>
  <link:calculationLink xlink:type="extended" xlink:role="http://nat.bm/role/ConsolidatedStatementsOfComprehensiveIncomeLoss">
    <link:loc xlink:type="locator" xlink:href="http://xbrl.fasb.org/us-gaap/2014/elts/us-gaap-2014-01-31.xsd#us-gaap_ComprehensiveIncomeNetOfTaxIncludingPortionAttributableToNoncontrollingInterest" xlink:label="ComprehensiveIncomeNetOfTaxIncludingPortionAttributableToNoncontrollingInterest" xlink:title="ComprehensiveIncomeNetOfTaxIncludingPortionAttributableToNoncontrollingInterest" />
    <link:loc xlink:type="locator" xlink:href="http://xbrl.fasb.org/us-gaap/2014/elts/us-gaap-2014-01-31.xsd#us-gaap_NetIncomeLoss" xlink:label="NetIncomeLoss" xlink:title="NetIncomeLoss" />
    <link:calculationArc xlink:type="arc" xlink:arcrole="http://www.xbrl.org/2003/arcrole/summation-item" xlink:from="ComprehensiveIncomeNetOfTaxIncludingPortionAttributableToNoncontrollingInterest" xlink:to="NetIncomeLoss" xlink:title="calculation: ComprehensiveIncomeNetOfTaxIncludingPortionAttributableToNoncontrollingInterest to NetIncomeLoss" order="0.0" weight="1.0" />
    <link:loc xlink:type="locator" xlink:href="http://xbrl.fasb.org/us-gaap/2014/elts/us-gaap-2014-01-31.xsd#us-gaap_OtherComprehensiveIncomeLossNetOfTax" xlink:label="OtherComprehensiveIncomeLossNetOfTax" xlink:title="OtherComprehensiveIncomeLossNetOfTax" />
    <link:loc xlink:type="locator" xlink:href="http://xbrl.fasb.org/us-gaap/2014/elts/us-gaap-2014-01-31.xsd#us-gaap_OtherComprehensiveIncomeLossForeignCurrencyTransactionAndTranslationAdjustmentNetOfTax" xlink:label="OtherComprehensiveIncomeLossForeignCurrencyTransactionAndTranslationAdjustmentNetOfTax" xlink:title="OtherComprehensiveIncomeLossForeignCurrencyTransactionAndTranslationAdjustmentNetOfTax" />
    <link:calculationArc xlink:type="arc" xlink:arcrole="http://www.xbrl.org/2003/arcrole/summation-item" xlink:from="OtherComprehensiveIncomeLossNetOfTax" xlink:to="OtherComprehensiveIncomeLossForeignCurrencyTransactionAndTranslationAdjustmentNetOfTax" xlink:title="calculation: OtherComprehensiveIncomeLossNetOfTax to OtherComprehensiveIncomeLossForeignCurrencyTransactionAndTranslationAdjustmentNetOfTax" order="1.0" weight="1.0" />
    <link:loc xlink:type="locator" xlink:href="http://xbrl.fasb.org/us-gaap/2014/elts/us-gaap-2014-01-31.xsd#us-gaap_OtherComprehensiveIncomeUnrealizedHoldingGainLossOnSecuritiesArisingDuringPeriodNetOfTax" xlink:label="OtherComprehensiveIncomeUnrealizedHoldingGainLossOnSecuritiesArisingDuringPeriodNetOfTax" xlink:title="OtherComprehensiveIncomeUnrealizedHoldingGainLossOnSecuritiesArisingDuringPeriodNetOfTax" />
    <link:calculationArc xlink:type="arc" xlink:arcrole="http://www.xbrl.org/2003/arcrole/summation-item" xlink:from="OtherComprehensiveIncomeLossNetOfTax" xlink:to="OtherComprehensiveIncomeUnrealizedHoldingGainLossOnSecuritiesArisingDuringPeriodNetOfTax" xlink:title="calculation: OtherComprehensiveIncomeLossNetOfTax to OtherComprehensiveIncomeUnrealizedHoldingGainLossOnSecuritiesArisingDuringPeriodNetOfTax" order="0.0" weight="1.0" />
    <link:loc xlink:type="locator" xlink:href="http://xbrl.fasb.org/us-gaap/2014/elts/us-gaap-2014-01-31.xsd#us-gaap_OtherComprehensiveIncomeLossReclassificationAdjustmentFromAOCIForSaleOfSecuritiesNetOfTax" xlink:label="OtherComprehensiveIncomeLossReclassificationAdjustmentFromAOCIForSaleOfSecuritiesNetOfTax" xlink:title="OtherComprehensiveIncomeLossReclassificationAdjustmentFromAOCIForSaleOfSecuritiesNetOfTax" />
    <link:calculationArc xlink:type="arc" xlink:arcrole="http://www.xbrl.org/2003/arcrole/summation-item" xlink:from="OtherComprehensiveIncomeLossNetOfTax" xlink:to="OtherComprehensiveIncomeLossReclassificationAdjustmentFromAOCIForSaleOfSecuritiesNetOfTax" xlink:title="calculation: OtherComprehensiveIncomeLossNetOfTax to OtherComprehensiveIncomeLossReclassificationAdjustmentFromAOCIForSaleOfSecuritiesNetOfTax" order="2.0" weight="-1.0" />
    <link:loc xlink:type="locator" xlink:href="http://xbrl.fasb.org/us-gaap/2014/elts/us-gaap-2014-01-31.xsd#us-gaap_OtherComprehensiveIncomeDefinedBenefitPlansNetUnamortizedGainLossArisingDuringPeriodNetOfTax" xlink:label="OtherComprehensiveIncomeDefinedBenefitPlansNetUnamortizedGainLossArisingDuringPeriodNetOfTax" xlink:title="OtherComprehensiveIncomeDefinedBenefitPlansNetUnamortizedGainLossArisingDuringPeriodNetOfTax" />
    <link:calculationArc xlink:type="arc" xlink:arcrole="http://www.xbrl.org/2003/arcrole/summation-item" xlink:from="OtherComprehensiveIncomeLossNetOfTax" xlink:to="OtherComprehensiveIncomeDefinedBenefitPlansNetUnamortizedGainLossArisingDuringPeriodNetOfTax" xlink:title="calculation: OtherComprehensiveIncomeLossNetOfTax to OtherComprehensiveIncomeDefinedBenefitPlansNetUnamortizedGainLossArisingDuringPeriodNetOfTax" order="3.0" weight="1.0" />
    <link:calculationArc xlink:type="arc" xlink:arcrole="http://www.xbrl.org/2003/arcrole/summation-item" xlink:from="ComprehensiveIncomeNetOfTaxIncludingPortionAttributableToNoncontrollingInterest" xlink:to="OtherComprehensiveIncomeLossNetOfTax" xlink:title="calculation: ComprehensiveIncomeNetOfTaxIncludingPortionAttributableToNoncontrollingInterest to OtherComprehensiveIncomeLossNetOfTax" order="1.0" weight="1.0" />
  </link:calculationLink>
  <link:calculationLink xlink:type="extended" xlink:role="http://nat.bm/role/ConsolidatedBalanceSheets">
    <link:loc xlink:type="locator" xlink:href="http://xbrl.fasb.org/us-gaap/2014/elts/us-gaap-2014-01-31.xsd#us-gaap_LiabilitiesAndStockholdersEquity" xlink:label="LiabilitiesAndStockholdersEquity" xlink:title="LiabilitiesAndStockholdersEquity" />
    <link:loc xlink:type="locator" xlink:href="http://xbrl.fasb.org/us-gaap/2014/elts/us-gaap-2014-01-31.xsd#us-gaap_Liabilities" xlink:label="Liabilities" xlink:title="Liabilities" />
    <link:loc xlink:type="locator" xlink:href="http://xbrl.fasb.org/us-gaap/2014/elts/us-gaap-2014-01-31.xsd#us-gaap_LiabilitiesCurrent" xlink:label="LiabilitiesCurrent" xlink:title="LiabilitiesCurrent" />
    <link:loc xlink:type="locator" xlink:href="http://xbrl.fasb.org/us-gaap/2014/elts/us-gaap-2014-01-31.xsd#us-gaap_AccountsPayableCurrent" xlink:label="AccountsPayableCurrent" xlink:title="AccountsPayableCurrent" />
    <link:calculationArc xlink:type="arc" xlink:arcrole="http://www.xbrl.org/2003/arcrole/summation-item" xlink:from="LiabilitiesCurrent" xlink:to="AccountsPayableCurrent" xlink:title="calculation: LiabilitiesCurrent to AccountsPayableCurrent" order="1.0" weight="1.0" />
    <link:loc xlink:type="locator" xlink:href="nat-20141231.xsd#nat_AccruedVoyageExpensesCurrent" xlink:label="AccruedVoyageExpensesCurrent" xlink:title="AccruedVoyageExpensesCurrent" />
    <link:calculationArc xlink:type="arc" xlink:arcrole="http://www.xbrl.org/2003/arcrole/summation-item" xlink:from="LiabilitiesCurrent" xlink:to="AccruedVoyageExpensesCurrent" xlink:title="calculation: LiabilitiesCurrent to AccruedVoyageExpensesCurrent" order="2.0" weight="1.0" />
    <link:loc xlink:type="locator" xlink:href="http://xbrl.fasb.org/us-gaap/2014/elts/us-gaap-2014-01-31.xsd#us-gaap_AccruedLiabilitiesCurrent" xlink:label="AccruedLiabilitiesCurrent" xlink:title="AccruedLiabilitiesCurrent" />
    <link:calculationArc xlink:type="arc" xlink:arcrole="http://www.xbrl.org/2003/arcrole/summation-item" xlink:from="LiabilitiesCurrent" xlink:to="AccruedLiabilitiesCurrent" xlink:title="calculation: LiabilitiesCurrent to AccruedLiabilitiesCurrent" order="4.0" weight="1.0" />
    <link:calculationArc xlink:type="arc" xlink:arcrole="http://www.xbrl.org/2003/arcrole/summation-item" xlink:from="Liabilities" xlink:to="LiabilitiesCurrent" xlink:title="calculation: Liabilities to LiabilitiesCurrent" order="4.0" weight="1.0" />
    <link:loc xlink:type="locator" xlink:href="http://xbrl.fasb.org/us-gaap/2014/elts/us-gaap-2014-01-31.xsd#us-gaap_DeferredTaxLiabilitiesNoncurrent" xlink:label="DeferredTaxLiabilitiesNoncurrent" xlink:title="DeferredTaxLiabilitiesNoncurrent" />
    <link:calculationArc xlink:type="arc" xlink:arcrole="http://www.xbrl.org/2003/arcrole/summation-item" xlink:from="Liabilities" xlink:to="DeferredTaxLiabilitiesNoncurrent" xlink:title="calculation: Liabilities to DeferredTaxLiabilitiesNoncurrent" order="3.0" weight="1.0" />
    <link:loc xlink:type="locator" xlink:href="http://xbrl.fasb.org/us-gaap/2014/elts/us-gaap-2014-01-31.xsd#us-gaap_DeferredCompensationLiabilityClassifiedNoncurrent" xlink:label="DeferredCompensationLiabilityClassifiedNoncurrent" xlink:title="DeferredCompensationLiabilityClassifiedNoncurrent" />
    <link:calculationArc xlink:type="arc" xlink:arcrole="http://www.xbrl.org/2003/arcrole/summation-item" xlink:from="Liabilities" xlink:to="DeferredCompensationLiabilityClassifiedNoncurrent" xlink:title="calculation: Liabilities to DeferredCompensationLiabilityClassifiedNoncurrent" order="2.0" weight="1.0" />
    <link:loc xlink:type="locator" xlink:href="http://xbrl.fasb.org/us-gaap/2014/elts/us-gaap-2014-01-31.xsd#us-gaap_LongTermDebtNoncurrent" xlink:label="LongTermDebtNoncurrent" xlink:title="LongTermDebtNoncurrent" />
    <link:calculationArc xlink:type="arc" xlink:arcrole="http://www.xbrl.org/2003/arcrole/summation-item" xlink:from="Liabilities" xlink:to="LongTermDebtNoncurrent" xlink:title="calculation: Liabilities to LongTermDebtNoncurrent" order="1.0" weight="1.0" />
    <link:calculationArc xlink:type="arc" xlink:arcrole="http://www.xbrl.org/2003/arcrole/summation-item" xlink:from="LiabilitiesAndStockholdersEquity" xlink:to="Liabilities" xlink:title="calculation: LiabilitiesAndStockholdersEquity to Liabilities" order="2.0" weight="1.0" />
    <link:loc xlink:type="locator" xlink:href="http://xbrl.fasb.org/us-gaap/2014/elts/us-gaap-2014-01-31.xsd#us-gaap_StockholdersEquity" xlink:label="StockholdersEquity" xlink:title="StockholdersEquity" />
    <link:loc xlink:type="locator" xlink:href="nat-20141231.xsd#nat_ContributedSurplus" xlink:label="ContributedSurplus" xlink:title="ContributedSurplus" />
    <link:calculationArc xlink:type="arc" xlink:arcrole="http://www.xbrl.org/2003/arcrole/summation-item" xlink:from="StockholdersEquity" xlink:to="ContributedSurplus" xlink:title="calculation: StockholdersEquity to ContributedSurplus" order="4.0" weight="1.0" />
    <link:loc xlink:type="locator" xlink:href="http://xbrl.fasb.org/us-gaap/2014/elts/us-gaap-2014-01-31.xsd#us-gaap_CommonStockValue" xlink:label="CommonStockValue" xlink:title="CommonStockValue" />
    <link:calculationArc xlink:type="arc" xlink:arcrole="http://www.xbrl.org/2003/arcrole/summation-item" xlink:from="StockholdersEquity" xlink:to="CommonStockValue" xlink:title="calculation: StockholdersEquity to CommonStockValue" order="1.0" weight="1.0" />
    <link:loc xlink:type="locator" xlink:href="http://xbrl.fasb.org/us-gaap/2014/elts/us-gaap-2014-01-31.xsd#us-gaap_AdditionalPaidInCapitalCommonStock" xlink:label="AdditionalPaidInCapitalCommonStock" xlink:title="AdditionalPaidInCapitalCommonStock" />
    <link:calculationArc xlink:type="arc" xlink:arcrole="http://www.xbrl.org/2003/arcrole/summation-item" xlink:from="StockholdersEquity" xlink:to="AdditionalPaidInCapitalCommonStock" xlink:title="calculation: StockholdersEquity to AdditionalPaidInCapitalCommonStock" order="2.0" weight="1.0" />
    <link:loc xlink:type="locator" xlink:href="http://xbrl.fasb.org/us-gaap/2014/elts/us-gaap-2014-01-31.xsd#us-gaap_AccumulatedOtherComprehensiveIncomeLossNetOfTax" xlink:label="AccumulatedOtherComprehensiveIncomeLossNetOfTax" xlink:title="AccumulatedOtherComprehensiveIncomeLossNetOfTax" />
    <link:calculationArc xlink:type="arc" xlink:arcrole="http://www.xbrl.org/2003/arcrole/summation-item" xlink:from="StockholdersEquity" xlink:to="AccumulatedOtherComprehensiveIncomeLossNetOfTax" xlink:title="calculation: StockholdersEquity to AccumulatedOtherComprehensiveIncomeLossNetOfTax" order="5.0" weight="1.0" />
    <link:loc xlink:type="locator" xlink:href="http://xbrl.fasb.org/us-gaap/2014/elts/us-gaap-2014-01-31.xsd#us-gaap_RetainedEarningsAccumulatedDeficit" xlink:label="RetainedEarningsAccumulatedDeficit" xlink:title="RetainedEarningsAccumulatedDeficit" />
    <link:calculationArc xlink:type="arc" xlink:arcrole="http://www.xbrl.org/2003/arcrole/summation-item" xlink:from="StockholdersEquity" xlink:to="RetainedEarningsAccumulatedDeficit" xlink:title="calculation: StockholdersEquity to RetainedEarningsAccumulatedDeficit" order="3.0" weight="1.0" />
    <link:calculationArc xlink:type="arc" xlink:arcrole="http://www.xbrl.org/2003/arcrole/summation-item" xlink:from="LiabilitiesAndStockholdersEquity" xlink:to="StockholdersEquity" xlink:title="calculation: LiabilitiesAndStockholdersEquity to StockholdersEquity" order="1.0" weight="1.0" />
    <link:loc xlink:type="locator" xlink:href="http://xbrl.fasb.org/us-gaap/2014/elts/us-gaap-2014-01-31.xsd#us-gaap_Assets" xlink:label="Assets" xlink:title="Assets" />
    <link:loc xlink:type="locator" xlink:href="http://xbrl.fasb.org/us-gaap/2014/elts/us-gaap-2014-01-31.xsd#us-gaap_AssetsCurrent" xlink:label="AssetsCurrent" xlink:title="AssetsCurrent" />
    <link:loc xlink:type="locator" xlink:href="http://xbrl.fasb.org/us-gaap/2014/elts/us-gaap-2014-01-31.xsd#us-gaap_AccountsAndNotesReceivableNet" xlink:label="AccountsAndNotesReceivableNet" xlink:title="AccountsAndNotesReceivableNet" />
    <link:calculationArc xlink:type="arc" xlink:arcrole="http://www.xbrl.org/2003/arcrole/summation-item" xlink:from="AssetsCurrent" xlink:to="AccountsAndNotesReceivableNet" xlink:title="calculation: AssetsCurrent to AccountsAndNotesReceivableNet" order="6.0" weight="1.0" />
    <link:loc xlink:type="locator" xlink:href="http://xbrl.fasb.org/us-gaap/2014/elts/us-gaap-2014-01-31.xsd#us-gaap_PrepaidExpenseCurrent" xlink:label="PrepaidExpenseCurrent" xlink:title="PrepaidExpenseCurrent" />
    <link:calculationArc xlink:type="arc" xlink:arcrole="http://www.xbrl.org/2003/arcrole/summation-item" xlink:from="AssetsCurrent" xlink:to="PrepaidExpenseCurrent" xlink:title="calculation: AssetsCurrent to PrepaidExpenseCurrent" order="2.0" weight="1.0" />
    <link:loc xlink:type="locator" xlink:href="http://xbrl.fasb.org/us-gaap/2014/elts/us-gaap-2014-01-31.xsd#us-gaap_OtherAssetsCurrent" xlink:label="OtherAssetsCurrent" xlink:title="OtherAssetsCurrent" />
    <link:calculationArc xlink:type="arc" xlink:arcrole="http://www.xbrl.org/2003/arcrole/summation-item" xlink:from="AssetsCurrent" xlink:to="OtherAssetsCurrent" xlink:title="calculation: AssetsCurrent to OtherAssetsCurrent" order="5.0" weight="1.0" />
    <link:loc xlink:type="locator" xlink:href="http://xbrl.fasb.org/us-gaap/2014/elts/us-gaap-2014-01-31.xsd#us-gaap_InventoryNet" xlink:label="InventoryNet" xlink:title="InventoryNet" />
    <link:calculationArc xlink:type="arc" xlink:arcrole="http://www.xbrl.org/2003/arcrole/summation-item" xlink:from="AssetsCurrent" xlink:to="InventoryNet" xlink:title="calculation: AssetsCurrent to InventoryNet" order="8.0" weight="1.0" />
    <link:loc xlink:type="locator" xlink:href="http://xbrl.fasb.org/us-gaap/2014/elts/us-gaap-2014-01-31.xsd#us-gaap_CashAndCashEquivalentsAtCarryingValue" xlink:label="CashAndCashEquivalentsAtCarryingValue" xlink:title="CashAndCashEquivalentsAtCarryingValue" />
    <link:calculationArc xlink:type="arc" xlink:arcrole="http://www.xbrl.org/2003/arcrole/summation-item" xlink:from="AssetsCurrent" xlink:to="CashAndCashEquivalentsAtCarryingValue" xlink:title="calculation: AssetsCurrent to CashAndCashEquivalentsAtCarryingValue" order="1.0" weight="1.0" />
    <link:loc xlink:type="locator" xlink:href="http://xbrl.fasb.org/us-gaap/2014/elts/us-gaap-2014-01-31.xsd#us-gaap_UnbilledReceivablesCurrent" xlink:label="UnbilledReceivablesCurrent" xlink:title="UnbilledReceivablesCurrent" />
    <link:calculationArc xlink:type="arc" xlink:arcrole="http://www.xbrl.org/2003/arcrole/summation-item" xlink:from="AssetsCurrent" xlink:to="UnbilledReceivablesCurrent" xlink:title="calculation: AssetsCurrent to UnbilledReceivablesCurrent" order="4.0" weight="1.0" />
    <link:calculationArc xlink:type="arc" xlink:arcrole="http://www.xbrl.org/2003/arcrole/summation-item" xlink:from="Assets" xlink:to="AssetsCurrent" xlink:title="calculation: Assets to AssetsCurrent" order="2.0" weight="1.0" />
    <link:loc xlink:type="locator" xlink:href="http://xbrl.fasb.org/us-gaap/2014/elts/us-gaap-2014-01-31.xsd#us-gaap_AssetsNoncurrent" xlink:label="AssetsNoncurrent" xlink:title="AssetsNoncurrent" />
    <link:loc xlink:type="locator" xlink:href="http://xbrl.fasb.org/us-gaap/2014/elts/us-gaap-2014-01-31.xsd#us-gaap_EquityMethodInvestmentSummarizedFinancialInformationNoncurrentAssets" xlink:label="EquityMethodInvestmentSummarizedFinancialInformationNoncurrentAssets" xlink:title="EquityMethodInvestmentSummarizedFinancialInformationNoncurrentAssets" />
    <link:calculationArc xlink:type="arc" xlink:arcrole="http://www.xbrl.org/2003/arcrole/summation-item" xlink:from="AssetsNoncurrent" xlink:to="EquityMethodInvestmentSummarizedFinancialInformationNoncurrentAssets" xlink:title="calculation: AssetsNoncurrent to EquityMethodInvestmentSummarizedFinancialInformationNoncurrentAssets" order="4.0" weight="1.0" />
    <link:loc xlink:type="locator" xlink:href="nat-20141231.xsd#nat_VesselsNet" xlink:label="VesselsNet" xlink:title="VesselsNet" />
    <link:calculationArc xlink:type="arc" xlink:arcrole="http://www.xbrl.org/2003/arcrole/summation-item" xlink:from="AssetsNoncurrent" xlink:to="VesselsNet" xlink:title="calculation: AssetsNoncurrent to VesselsNet" order="1.0" weight="1.0" />
    <link:loc xlink:type="locator" xlink:href="http://xbrl.fasb.org/us-gaap/2014/elts/us-gaap-2014-01-31.xsd#us-gaap_Goodwill" xlink:label="Goodwill" xlink:title="Goodwill" />
    <link:calculationArc xlink:type="arc" xlink:arcrole="http://www.xbrl.org/2003/arcrole/summation-item" xlink:from="AssetsNoncurrent" xlink:to="Goodwill" xlink:title="calculation: AssetsNoncurrent to Goodwill" order="3.0" weight="1.0" />
    <link:loc xlink:type="locator" xlink:href="http://xbrl.fasb.org/us-gaap/2014/elts/us-gaap-2014-01-31.xsd#us-gaap_OtherAssetsNoncurrent" xlink:label="OtherAssetsNoncurrent" xlink:title="OtherAssetsNoncurrent" />
    <link:calculationArc xlink:type="arc" xlink:arcrole="http://www.xbrl.org/2003/arcrole/summation-item" xlink:from="AssetsNoncurrent" xlink:to="OtherAssetsNoncurrent" xlink:title="calculation: AssetsNoncurrent to OtherAssetsNoncurrent" order="2.0" weight="1.0" />
    <link:calculationArc xlink:type="arc" xlink:arcrole="http://www.xbrl.org/2003/arcrole/summation-item" xlink:from="Assets" xlink:to="AssetsNoncurrent" xlink:title="calculation: Assets to AssetsNoncurrent" order="1.0" weight="1.0" />
  </link:calculationLink>
  <link:calculationLink xlink:type="extended" xlink:role="http://nat.bm/role/ConsolidatedStatementsOfCashFlows">
    <link:loc xlink:type="locator" xlink:href="http://xbrl.fasb.org/us-gaap/2014/elts/us-gaap-2014-01-31.xsd#us-gaap_CashAndCashEquivalentsPeriodIncreaseDecrease" xlink:label="CashAndCashEquivalentsPeriodIncreaseDecrease" xlink:title="CashAndCashEquivalentsPeriodIncreaseDecrease" />
    <link:loc xlink:type="locator" xlink:href="http://xbrl.fasb.org/us-gaap/2014/elts/us-gaap-2014-01-31.xsd#us-gaap_NetCashProvidedByUsedInFinancingActivitiesContinuingOperations" xlink:label="NetCashProvidedByUsedInFinancingActivitiesContinuingOperations" xlink:title="NetCashProvidedByUsedInFinancingActivitiesContinuingOperations" />
    <link:loc xlink:type="locator" xlink:href="http://xbrl.fasb.org/us-gaap/2014/elts/us-gaap-2014-01-31.xsd#us-gaap_PaymentsOfDividendsCommonStock" xlink:label="PaymentsOfDividendsCommonStock" xlink:title="PaymentsOfDividendsCommonStock" />
    <link:calculationArc xlink:type="arc" xlink:arcrole="http://www.xbrl.org/2003/arcrole/summation-item" xlink:from="NetCashProvidedByUsedInFinancingActivitiesContinuingOperations" xlink:to="PaymentsOfDividendsCommonStock" xlink:title="calculation: NetCashProvidedByUsedInFinancingActivitiesContinuingOperations to PaymentsOfDividendsCommonStock" order="3.0" weight="-1.0" />
    <link:loc xlink:type="locator" xlink:href="http://xbrl.fasb.org/us-gaap/2014/elts/us-gaap-2014-01-31.xsd#us-gaap_ProceedsFromIssuanceOfCommonStock" xlink:label="ProceedsFromIssuanceOfCommonStock" xlink:title="ProceedsFromIssuanceOfCommonStock" />
    <link:calculationArc xlink:type="arc" xlink:arcrole="http://www.xbrl.org/2003/arcrole/summation-item" xlink:from="NetCashProvidedByUsedInFinancingActivitiesContinuingOperations" xlink:to="ProceedsFromIssuanceOfCommonStock" xlink:title="calculation: NetCashProvidedByUsedInFinancingActivitiesContinuingOperations to ProceedsFromIssuanceOfCommonStock" order="1.0" weight="1.0" />
    <link:loc xlink:type="locator" xlink:href="http://xbrl.fasb.org/us-gaap/2014/elts/us-gaap-2014-01-31.xsd#us-gaap_ProceedsFromLinesOfCredit" xlink:label="ProceedsFromLinesOfCredit" xlink:title="ProceedsFromLinesOfCredit" />
    <link:calculationArc xlink:type="arc" xlink:arcrole="http://www.xbrl.org/2003/arcrole/summation-item" xlink:from="NetCashProvidedByUsedInFinancingActivitiesContinuingOperations" xlink:to="ProceedsFromLinesOfCredit" xlink:title="calculation: NetCashProvidedByUsedInFinancingActivitiesContinuingOperations to ProceedsFromLinesOfCredit" order="5.0" weight="1.0" />
    <link:loc xlink:type="locator" xlink:href="http://xbrl.fasb.org/us-gaap/2014/elts/us-gaap-2014-01-31.xsd#us-gaap_RepaymentsOfLinesOfCredit" xlink:label="RepaymentsOfLinesOfCredit" xlink:title="RepaymentsOfLinesOfCredit" />
    <link:calculationArc xlink:type="arc" xlink:arcrole="http://www.xbrl.org/2003/arcrole/summation-item" xlink:from="NetCashProvidedByUsedInFinancingActivitiesContinuingOperations" xlink:to="RepaymentsOfLinesOfCredit" xlink:title="calculation: NetCashProvidedByUsedInFinancingActivitiesContinuingOperations to RepaymentsOfLinesOfCredit" order="4.0" weight="-1.0" />
    <link:loc xlink:type="locator" xlink:href="http://xbrl.fasb.org/us-gaap/2014/elts/us-gaap-2014-01-31.xsd#us-gaap_PaymentsOfFinancingCosts" xlink:label="PaymentsOfFinancingCosts" xlink:title="PaymentsOfFinancingCosts" />
    <link:calculationArc xlink:type="arc" xlink:arcrole="http://www.xbrl.org/2003/arcrole/summation-item" xlink:from="NetCashProvidedByUsedInFinancingActivitiesContinuingOperations" xlink:to="PaymentsOfFinancingCosts" xlink:title="calculation: NetCashProvidedByUsedInFinancingActivitiesContinuingOperations to PaymentsOfFinancingCosts" order="2.0" weight="-1.0" />
    <link:calculationArc xlink:type="arc" xlink:arcrole="http://www.xbrl.org/2003/arcrole/summation-item" xlink:from="CashAndCashEquivalentsPeriodIncreaseDecrease" xlink:to="NetCashProvidedByUsedInFinancingActivitiesContinuingOperations" xlink:title="calculation: CashAndCashEquivalentsPeriodIncreaseDecrease to NetCashProvidedByUsedInFinancingActivitiesContinuingOperations" order="1.0" weight="1.0" />
    <link:loc xlink:type="locator" xlink:href="http://xbrl.fasb.org/us-gaap/2014/elts/us-gaap-2014-01-31.xsd#us-gaap_NetCashProvidedByUsedInInvestingActivitiesContinuingOperations" xlink:label="NetCashProvidedByUsedInInvestingActivitiesContinuingOperations" xlink:title="NetCashProvidedByUsedInInvestingActivitiesContinuingOperations" />
    <link:loc xlink:type="locator" xlink:href="http://xbrl.fasb.org/us-gaap/2014/elts/us-gaap-2014-01-31.xsd#us-gaap_IncreaseDecreaseInRestrictedCash" xlink:label="IncreaseDecreaseInRestrictedCash" xlink:title="IncreaseDecreaseInRestrictedCash" />
    <link:calculationArc xlink:type="arc" xlink:arcrole="http://www.xbrl.org/2003/arcrole/summation-item" xlink:from="NetCashProvidedByUsedInInvestingActivitiesContinuingOperations" xlink:to="IncreaseDecreaseInRestrictedCash" xlink:title="calculation: NetCashProvidedByUsedInInvestingActivitiesContinuingOperations to IncreaseDecreaseInRestrictedCash" order="5.0" weight="-1.0" />
    <link:loc xlink:type="locator" xlink:href="http://xbrl.fasb.org/us-gaap/2014/elts/us-gaap-2014-01-31.xsd#us-gaap_PaymentsToAcquireInterestInSubsidiariesAndAffiliates" xlink:label="PaymentsToAcquireInterestInSubsidiariesAndAffiliates" xlink:title="PaymentsToAcquireInterestInSubsidiariesAndAffiliates" />
    <link:calculationArc xlink:type="arc" xlink:arcrole="http://www.xbrl.org/2003/arcrole/summation-item" xlink:from="NetCashProvidedByUsedInInvestingActivitiesContinuingOperations" xlink:to="PaymentsToAcquireInterestInSubsidiariesAndAffiliates" xlink:title="calculation: NetCashProvidedByUsedInInvestingActivitiesContinuingOperations to PaymentsToAcquireInterestInSubsidiariesAndAffiliates" order="2.0" weight="-1.0" />
    <link:loc xlink:type="locator" xlink:href="http://xbrl.fasb.org/us-gaap/2014/elts/us-gaap-2014-01-31.xsd#us-gaap_PaymentsForProceedsFromPolicyLoans" xlink:label="PaymentsForProceedsFromPolicyLoans" xlink:title="PaymentsForProceedsFromPolicyLoans" />
    <link:calculationArc xlink:type="arc" xlink:arcrole="http://www.xbrl.org/2003/arcrole/summation-item" xlink:from="NetCashProvidedByUsedInInvestingActivitiesContinuingOperations" xlink:to="PaymentsForProceedsFromPolicyLoans" xlink:title="calculation: NetCashProvidedByUsedInInvestingActivitiesContinuingOperations to PaymentsForProceedsFromPolicyLoans" order="13.0" weight="-1.0" />
    <link:loc xlink:type="locator" xlink:href="http://xbrl.fasb.org/us-gaap/2014/elts/us-gaap-2014-01-31.xsd#us-gaap_ProceedsFromSaleMaturityAndCollectionsOfInvestments" xlink:label="ProceedsFromSaleMaturityAndCollectionsOfInvestments" xlink:title="ProceedsFromSaleMaturityAndCollectionsOfInvestments" />
    <link:calculationArc xlink:type="arc" xlink:arcrole="http://www.xbrl.org/2003/arcrole/summation-item" xlink:from="NetCashProvidedByUsedInInvestingActivitiesContinuingOperations" xlink:to="ProceedsFromSaleMaturityAndCollectionsOfInvestments" xlink:title="calculation: NetCashProvidedByUsedInInvestingActivitiesContinuingOperations to ProceedsFromSaleMaturityAndCollectionsOfInvestments" order="12.0" weight="1.0" />
    <link:loc xlink:type="locator" xlink:href="nat-20141231.xsd#nat_Paymentstoacquirevessel" xlink:label="Paymentstoacquirevessel" xlink:title="Paymentstoacquirevessel" />
    <link:calculationArc xlink:type="arc" xlink:arcrole="http://www.xbrl.org/2003/arcrole/summation-item" xlink:from="NetCashProvidedByUsedInInvestingActivitiesContinuingOperations" xlink:to="Paymentstoacquirevessel" xlink:title="calculation: NetCashProvidedByUsedInInvestingActivitiesContinuingOperations to Paymentstoacquirevessel" order="1.0" weight="-1.0" />
    <link:loc xlink:type="locator" xlink:href="nat-20141231.xsd#nat_CashAssumedDuringPeriod" xlink:label="CashAssumedDuringPeriod" xlink:title="CashAssumedDuringPeriod" />
    <link:calculationArc xlink:type="arc" xlink:arcrole="http://www.xbrl.org/2003/arcrole/summation-item" xlink:from="NetCashProvidedByUsedInInvestingActivitiesContinuingOperations" xlink:to="CashAssumedDuringPeriod" xlink:title="calculation: NetCashProvidedByUsedInInvestingActivitiesContinuingOperations to CashAssumedDuringPeriod" order="9.0" weight="1.0" />
    <link:loc xlink:type="locator" xlink:href="http://xbrl.fasb.org/us-gaap/2014/elts/us-gaap-2014-01-31.xsd#us-gaap_PaymentsToAcquireOtherPropertyPlantAndEquipment" xlink:label="PaymentsToAcquireOtherPropertyPlantAndEquipment" xlink:title="PaymentsToAcquireOtherPropertyPlantAndEquipment" />
    <link:calculationArc xlink:type="arc" xlink:arcrole="http://www.xbrl.org/2003/arcrole/summation-item" xlink:from="NetCashProvidedByUsedInInvestingActivitiesContinuingOperations" xlink:to="PaymentsToAcquireOtherPropertyPlantAndEquipment" xlink:title="calculation: NetCashProvidedByUsedInInvestingActivitiesContinuingOperations to PaymentsToAcquireOtherPropertyPlantAndEquipment" order="10.0" weight="-1.0" />
    <link:loc xlink:type="locator" xlink:href="nat-20141231.xsd#nat_PaymentsForProceedsFromMarketableSecurities" xlink:label="PaymentsForProceedsFromMarketableSecurities" xlink:title="PaymentsForProceedsFromMarketableSecurities" />
    <link:calculationArc xlink:type="arc" xlink:arcrole="http://www.xbrl.org/2003/arcrole/summation-item" xlink:from="NetCashProvidedByUsedInInvestingActivitiesContinuingOperations" xlink:to="PaymentsForProceedsFromMarketableSecurities" xlink:title="calculation: NetCashProvidedByUsedInInvestingActivitiesContinuingOperations to PaymentsForProceedsFromMarketableSecurities" order="3.0" weight="-1.0" />
    <link:loc xlink:type="locator" xlink:href="nat-20141231.xsd#nat_InvestmentInAcquireeAssetsHeldForSale" xlink:label="InvestmentInAcquireeAssetsHeldForSale" xlink:title="InvestmentInAcquireeAssetsHeldForSale" />
    <link:calculationArc xlink:type="arc" xlink:arcrole="http://www.xbrl.org/2003/arcrole/summation-item" xlink:from="NetCashProvidedByUsedInInvestingActivitiesContinuingOperations" xlink:to="InvestmentInAcquireeAssetsHeldForSale" xlink:title="calculation: NetCashProvidedByUsedInInvestingActivitiesContinuingOperations to InvestmentInAcquireeAssetsHeldForSale" order="8.0" weight="-1.0" />
    <link:loc xlink:type="locator" xlink:href="http://xbrl.fasb.org/us-gaap/2014/elts/us-gaap-2014-01-31.xsd#us-gaap_PaymentsToAcquireBusinessTwoNetOfCashAcquired" xlink:label="PaymentsToAcquireBusinessTwoNetOfCashAcquired" xlink:title="PaymentsToAcquireBusinessTwoNetOfCashAcquired" />
    <link:calculationArc xlink:type="arc" xlink:arcrole="http://www.xbrl.org/2003/arcrole/summation-item" xlink:from="NetCashProvidedByUsedInInvestingActivitiesContinuingOperations" xlink:to="PaymentsToAcquireBusinessTwoNetOfCashAcquired" xlink:title="calculation: NetCashProvidedByUsedInInvestingActivitiesContinuingOperations to PaymentsToAcquireBusinessTwoNetOfCashAcquired" order="7.0" weight="-1.0" />
    <link:loc xlink:type="locator" xlink:href="http://xbrl.fasb.org/us-gaap/2014/elts/us-gaap-2014-01-31.xsd#us-gaap_PaymentsToAcquireBusinessesAndInterestInAffiliates" xlink:label="PaymentsToAcquireBusinessesAndInterestInAffiliates" xlink:title="PaymentsToAcquireBusinessesAndInterestInAffiliates" />
    <link:calculationArc xlink:type="arc" xlink:arcrole="http://www.xbrl.org/2003/arcrole/summation-item" xlink:from="NetCashProvidedByUsedInInvestingActivitiesContinuingOperations" xlink:to="PaymentsToAcquireBusinessesAndInterestInAffiliates" xlink:title="calculation: NetCashProvidedByUsedInInvestingActivitiesContinuingOperations to PaymentsToAcquireBusinessesAndInterestInAffiliates" order="4.0" weight="-1.0" />
    <link:loc xlink:type="locator" xlink:href="nat-20141231.xsd#nat_ProceedsFromSaleOfAcquireeAssetsHeldForSale" xlink:label="ProceedsFromSaleOfAcquireeAssetsHeldForSale" xlink:title="ProceedsFromSaleOfAcquireeAssetsHeldForSale" />
    <link:calculationArc xlink:type="arc" xlink:arcrole="http://www.xbrl.org/2003/arcrole/summation-item" xlink:from="NetCashProvidedByUsedInInvestingActivitiesContinuingOperations" xlink:to="ProceedsFromSaleOfAcquireeAssetsHeldForSale" xlink:title="calculation: NetCashProvidedByUsedInInvestingActivitiesContinuingOperations to ProceedsFromSaleOfAcquireeAssetsHeldForSale" order="6.0" weight="1.0" />
    <link:loc xlink:type="locator" xlink:href="http://xbrl.fasb.org/us-gaap/2014/elts/us-gaap-2014-01-31.xsd#us-gaap_PaymentsForProceedsFromOtherInvestingActivities" xlink:label="PaymentsForProceedsFromOtherInvestingActivities" xlink:title="PaymentsForProceedsFromOtherInvestingActivities" />
    <link:calculationArc xlink:type="arc" xlink:arcrole="http://www.xbrl.org/2003/arcrole/summation-item" xlink:from="NetCashProvidedByUsedInInvestingActivitiesContinuingOperations" xlink:to="PaymentsForProceedsFromOtherInvestingActivities" xlink:title="calculation: NetCashProvidedByUsedInInvestingActivitiesContinuingOperations to PaymentsForProceedsFromOtherInvestingActivities" order="11.0" weight="-1.0" />
    <link:calculationArc xlink:type="arc" xlink:arcrole="http://www.xbrl.org/2003/arcrole/summation-item" xlink:from="CashAndCashEquivalentsPeriodIncreaseDecrease" xlink:to="NetCashProvidedByUsedInInvestingActivitiesContinuingOperations" xlink:title="calculation: CashAndCashEquivalentsPeriodIncreaseDecrease to NetCashProvidedByUsedInInvestingActivitiesContinuingOperations" order="2.0" weight="1.0" />
    <link:loc xlink:type="locator" xlink:href="http://xbrl.fasb.org/us-gaap/2014/elts/us-gaap-2014-01-31.xsd#us-gaap_NetCashProvidedByUsedInOperatingActivitiesContinuingOperations" xlink:label="NetCashProvidedByUsedInOperatingActivitiesContinuingOperations" xlink:title="NetCashProvidedByUsedInOperatingActivitiesContinuingOperations" />
    <link:loc xlink:type="locator" xlink:href="http://xbrl.fasb.org/us-gaap/2014/elts/us-gaap-2014-01-31.xsd#us-gaap_NetIncomeLoss" xlink:label="NetIncomeLoss" xlink:title="NetIncomeLoss" />
    <link:calculationArc xlink:type="arc" xlink:arcrole="http://www.xbrl.org/2003/arcrole/summation-item" xlink:from="NetCashProvidedByUsedInOperatingActivitiesContinuingOperations" xlink:to="NetIncomeLoss" xlink:title="calculation: NetCashProvidedByUsedInOperatingActivitiesContinuingOperations to NetIncomeLoss" order="0.0" weight="1.0" />
    <link:loc xlink:type="locator" xlink:href="http://xbrl.fasb.org/us-gaap/2014/elts/us-gaap-2014-01-31.xsd#us-gaap_ShareBasedCompensation" xlink:label="ShareBasedCompensation" xlink:title="ShareBasedCompensation" />
    <link:calculationArc xlink:type="arc" xlink:arcrole="http://www.xbrl.org/2003/arcrole/summation-item" xlink:from="NetCashProvidedByUsedInOperatingActivitiesContinuingOperations" xlink:to="ShareBasedCompensation" xlink:title="calculation: NetCashProvidedByUsedInOperatingActivitiesContinuingOperations to ShareBasedCompensation" order="8.0" weight="1.0" />
    <link:loc xlink:type="locator" xlink:href="http://xbrl.fasb.org/us-gaap/2014/elts/us-gaap-2014-01-31.xsd#us-gaap_FairValueAdjustmentOfWarrants" xlink:label="FairValueAdjustmentOfWarrants" xlink:title="FairValueAdjustmentOfWarrants" />
    <link:calculationArc xlink:type="arc" xlink:arcrole="http://www.xbrl.org/2003/arcrole/summation-item" xlink:from="NetCashProvidedByUsedInOperatingActivitiesContinuingOperations" xlink:to="FairValueAdjustmentOfWarrants" xlink:title="calculation: NetCashProvidedByUsedInOperatingActivitiesContinuingOperations to FairValueAdjustmentOfWarrants" order="10.0" weight="1.0" />
    <link:loc xlink:type="locator" xlink:href="http://xbrl.fasb.org/us-gaap/2014/elts/us-gaap-2014-01-31.xsd#us-gaap_GainLossOnSaleOfInvestments" xlink:label="GainLossOnSaleOfInvestments" xlink:title="GainLossOnSaleOfInvestments" />
    <link:calculationArc xlink:type="arc" xlink:arcrole="http://www.xbrl.org/2003/arcrole/summation-item" xlink:from="NetCashProvidedByUsedInOperatingActivitiesContinuingOperations" xlink:to="GainLossOnSaleOfInvestments" xlink:title="calculation: NetCashProvidedByUsedInOperatingActivitiesContinuingOperations to GainLossOnSaleOfInvestments" order="9.0" weight="-1.0" />
    <link:loc xlink:type="locator" xlink:href="http://xbrl.fasb.org/us-gaap/2014/elts/us-gaap-2014-01-31.xsd#us-gaap_OtherNoncashIncomeExpense" xlink:label="OtherNoncashIncomeExpense" xlink:title="OtherNoncashIncomeExpense" />
    <link:calculationArc xlink:type="arc" xlink:arcrole="http://www.xbrl.org/2003/arcrole/summation-item" xlink:from="NetCashProvidedByUsedInOperatingActivitiesContinuingOperations" xlink:to="OtherNoncashIncomeExpense" xlink:title="calculation: NetCashProvidedByUsedInOperatingActivitiesContinuingOperations to OtherNoncashIncomeExpense" order="11.0" weight="-1.0" />
    <link:loc xlink:type="locator" xlink:href="http://xbrl.fasb.org/us-gaap/2014/elts/us-gaap-2014-01-31.xsd#us-gaap_Depreciation" xlink:label="Depreciation" xlink:title="Depreciation" />
    <link:calculationArc xlink:type="arc" xlink:arcrole="http://www.xbrl.org/2003/arcrole/summation-item" xlink:from="NetCashProvidedByUsedInOperatingActivitiesContinuingOperations" xlink:to="Depreciation" xlink:title="calculation: NetCashProvidedByUsedInOperatingActivitiesContinuingOperations to Depreciation" order="1.0" weight="1.0" />
    <link:loc xlink:type="locator" xlink:href="http://xbrl.fasb.org/us-gaap/2014/elts/us-gaap-2014-01-31.xsd#us-gaap_GainLossOnContractTermination" xlink:label="GainLossOnContractTermination" xlink:title="GainLossOnContractTermination" />
    <link:calculationArc xlink:type="arc" xlink:arcrole="http://www.xbrl.org/2003/arcrole/summation-item" xlink:from="NetCashProvidedByUsedInOperatingActivitiesContinuingOperations" xlink:to="GainLossOnContractTermination" xlink:title="calculation: NetCashProvidedByUsedInOperatingActivitiesContinuingOperations to GainLossOnContractTermination" order="3.0" weight="-1.0" />
    <link:loc xlink:type="locator" xlink:href="nat-20141231.xsd#nat_RestrictedSharesPeriodExpense" xlink:label="RestrictedSharesPeriodExpense" xlink:title="RestrictedSharesPeriodExpense" />
    <link:calculationArc xlink:type="arc" xlink:arcrole="http://www.xbrl.org/2003/arcrole/summation-item" xlink:from="NetCashProvidedByUsedInOperatingActivitiesContinuingOperations" xlink:to="RestrictedSharesPeriodExpense" xlink:title="calculation: NetCashProvidedByUsedInOperatingActivitiesContinuingOperations to RestrictedSharesPeriodExpense" order="7.0" weight="1.0" />
    <link:loc xlink:type="locator" xlink:href="http://xbrl.fasb.org/us-gaap/2014/elts/us-gaap-2014-01-31.xsd#us-gaap_AmortizationOfFinancingCosts" xlink:label="AmortizationOfFinancingCosts" xlink:title="AmortizationOfFinancingCosts" />
    <link:calculationArc xlink:type="arc" xlink:arcrole="http://www.xbrl.org/2003/arcrole/summation-item" xlink:from="NetCashProvidedByUsedInOperatingActivitiesContinuingOperations" xlink:to="AmortizationOfFinancingCosts" xlink:title="calculation: NetCashProvidedByUsedInOperatingActivitiesContinuingOperations to AmortizationOfFinancingCosts" order="5.0" weight="1.0" />
    <link:loc xlink:type="locator" xlink:href="http://xbrl.fasb.org/us-gaap/2014/elts/us-gaap-2014-01-31.xsd#us-gaap_IncreaseDecreaseDueFromOtherRelatedParties" xlink:label="IncreaseDecreaseDueFromOtherRelatedParties" xlink:title="IncreaseDecreaseDueFromOtherRelatedParties" />
    <link:calculationArc xlink:type="arc" xlink:arcrole="http://www.xbrl.org/2003/arcrole/summation-item" xlink:from="NetCashProvidedByUsedInOperatingActivitiesContinuingOperations" xlink:to="IncreaseDecreaseDueFromOtherRelatedParties" xlink:title="calculation: NetCashProvidedByUsedInOperatingActivitiesContinuingOperations to IncreaseDecreaseDueFromOtherRelatedParties" order="19.0" weight="-1.0" />
    <link:loc xlink:type="locator" xlink:href="http://xbrl.fasb.org/us-gaap/2014/elts/us-gaap-2014-01-31.xsd#us-gaap_IncreaseDecreaseInAccountsPayableAndAccruedLiabilities" xlink:label="IncreaseDecreaseInAccountsPayableAndAccruedLiabilities" xlink:title="IncreaseDecreaseInAccountsPayableAndAccruedLiabilities" />
    <link:calculationArc xlink:type="arc" xlink:arcrole="http://www.xbrl.org/2003/arcrole/summation-item" xlink:from="NetCashProvidedByUsedInOperatingActivitiesContinuingOperations" xlink:to="IncreaseDecreaseInAccountsPayableAndAccruedLiabilities" xlink:title="calculation: NetCashProvidedByUsedInOperatingActivitiesContinuingOperations to IncreaseDecreaseInAccountsPayableAndAccruedLiabilities" order="16.0" weight="1.0" />
    <link:loc xlink:type="locator" xlink:href="http://xbrl.fasb.org/us-gaap/2014/elts/us-gaap-2014-01-31.xsd#us-gaap_IncreaseDecreaseInAccountsPayableRelatedParties" xlink:label="IncreaseDecreaseInAccountsPayableRelatedParties" xlink:title="IncreaseDecreaseInAccountsPayableRelatedParties" />
    <link:calculationArc xlink:type="arc" xlink:arcrole="http://www.xbrl.org/2003/arcrole/summation-item" xlink:from="NetCashProvidedByUsedInOperatingActivitiesContinuingOperations" xlink:to="IncreaseDecreaseInAccountsPayableRelatedParties" xlink:title="calculation: NetCashProvidedByUsedInOperatingActivitiesContinuingOperations to IncreaseDecreaseInAccountsPayableRelatedParties" order="17.0" weight="1.0" />
    <link:loc xlink:type="locator" xlink:href="http://xbrl.fasb.org/us-gaap/2014/elts/us-gaap-2014-01-31.xsd#us-gaap_IncreaseDecreaseInUnbilledReceivables" xlink:label="IncreaseDecreaseInUnbilledReceivables" xlink:title="IncreaseDecreaseInUnbilledReceivables" />
    <link:calculationArc xlink:type="arc" xlink:arcrole="http://www.xbrl.org/2003/arcrole/summation-item" xlink:from="NetCashProvidedByUsedInOperatingActivitiesContinuingOperations" xlink:to="IncreaseDecreaseInUnbilledReceivables" xlink:title="calculation: NetCashProvidedByUsedInOperatingActivitiesContinuingOperations to IncreaseDecreaseInUnbilledReceivables" order="18.0" weight="-1.0" />
    <link:loc xlink:type="locator" xlink:href="nat-20141231.xsd#nat_DryDockExpenditures" xlink:label="DryDockExpenditures" xlink:title="DryDockExpenditures" />
    <link:calculationArc xlink:type="arc" xlink:arcrole="http://www.xbrl.org/2003/arcrole/summation-item" xlink:from="NetCashProvidedByUsedInOperatingActivitiesContinuingOperations" xlink:to="DryDockExpenditures" xlink:title="calculation: NetCashProvidedByUsedInOperatingActivitiesContinuingOperations to DryDockExpenditures" order="4.0" weight="1.0" />
    <link:loc xlink:type="locator" xlink:href="http://xbrl.fasb.org/us-gaap/2014/elts/us-gaap-2014-01-31.xsd#us-gaap_AssetImpairmentCharges" xlink:label="AssetImpairmentCharges" xlink:title="AssetImpairmentCharges" />
    <link:calculationArc xlink:type="arc" xlink:arcrole="http://www.xbrl.org/2003/arcrole/summation-item" xlink:from="NetCashProvidedByUsedInOperatingActivitiesContinuingOperations" xlink:to="AssetImpairmentCharges" xlink:title="calculation: NetCashProvidedByUsedInOperatingActivitiesContinuingOperations to AssetImpairmentCharges" order="2.0" weight="1.0" />
    <link:loc xlink:type="locator" xlink:href="http://xbrl.fasb.org/us-gaap/2014/elts/us-gaap-2014-01-31.xsd#us-gaap_IncreaseDecreaseInInventories" xlink:label="IncreaseDecreaseInInventories" xlink:title="IncreaseDecreaseInInventories" />
    <link:calculationArc xlink:type="arc" xlink:arcrole="http://www.xbrl.org/2003/arcrole/summation-item" xlink:from="NetCashProvidedByUsedInOperatingActivitiesContinuingOperations" xlink:to="IncreaseDecreaseInInventories" xlink:title="calculation: NetCashProvidedByUsedInOperatingActivitiesContinuingOperations to IncreaseDecreaseInInventories" order="14.0" weight="1.0" />
    <link:loc xlink:type="locator" xlink:href="http://xbrl.fasb.org/us-gaap/2014/elts/us-gaap-2014-01-31.xsd#us-gaap_DeferredCompensationArrangementWithIndividualCompensationExpense" xlink:label="DeferredCompensationArrangementWithIndividualCompensationExpense" xlink:title="DeferredCompensationArrangementWithIndividualCompensationExpense" />
    <link:calculationArc xlink:type="arc" xlink:arcrole="http://www.xbrl.org/2003/arcrole/summation-item" xlink:from="NetCashProvidedByUsedInOperatingActivitiesContinuingOperations" xlink:to="DeferredCompensationArrangementWithIndividualCompensationExpense" xlink:title="calculation: NetCashProvidedByUsedInOperatingActivitiesContinuingOperations to DeferredCompensationArrangementWithIndividualCompensationExpense" order="6.0" weight="1.0" />
    <link:loc xlink:type="locator" xlink:href="http://xbrl.fasb.org/us-gaap/2014/elts/us-gaap-2014-01-31.xsd#us-gaap_IncreaseDecreaseInAccountsReceivable" xlink:label="IncreaseDecreaseInAccountsReceivable" xlink:title="IncreaseDecreaseInAccountsReceivable" />
    <link:calculationArc xlink:type="arc" xlink:arcrole="http://www.xbrl.org/2003/arcrole/summation-item" xlink:from="NetCashProvidedByUsedInOperatingActivitiesContinuingOperations" xlink:to="IncreaseDecreaseInAccountsReceivable" xlink:title="calculation: NetCashProvidedByUsedInOperatingActivitiesContinuingOperations to IncreaseDecreaseInAccountsReceivable" order="12.0" weight="-1.0" />
    <link:loc xlink:type="locator" xlink:href="http://xbrl.fasb.org/us-gaap/2014/elts/us-gaap-2014-01-31.xsd#us-gaap_IncreaseDecreaseInAccountsReceivableRelatedParties" xlink:label="IncreaseDecreaseInAccountsReceivableRelatedParties" xlink:title="IncreaseDecreaseInAccountsReceivableRelatedParties" />
    <link:calculationArc xlink:type="arc" xlink:arcrole="http://www.xbrl.org/2003/arcrole/summation-item" xlink:from="NetCashProvidedByUsedInOperatingActivitiesContinuingOperations" xlink:to="IncreaseDecreaseInAccountsReceivableRelatedParties" xlink:title="calculation: NetCashProvidedByUsedInOperatingActivitiesContinuingOperations to IncreaseDecreaseInAccountsReceivableRelatedParties" order="13.0" weight="-1.0" />
    <link:loc xlink:type="locator" xlink:href="http://xbrl.fasb.org/us-gaap/2014/elts/us-gaap-2014-01-31.xsd#us-gaap_IncreaseDecreaseInPrepaidDeferredExpenseAndOtherAssets" xlink:label="IncreaseDecreaseInPrepaidDeferredExpenseAndOtherAssets" xlink:title="IncreaseDecreaseInPrepaidDeferredExpenseAndOtherAssets" />
    <link:calculationArc xlink:type="arc" xlink:arcrole="http://www.xbrl.org/2003/arcrole/summation-item" xlink:from="NetCashProvidedByUsedInOperatingActivitiesContinuingOperations" xlink:to="IncreaseDecreaseInPrepaidDeferredExpenseAndOtherAssets" xlink:title="calculation: NetCashProvidedByUsedInOperatingActivitiesContinuingOperations to IncreaseDecreaseInPrepaidDeferredExpenseAndOtherAssets" order="15.0" weight="-1.0" />
    <link:calculationArc xlink:type="arc" xlink:arcrole="http://www.xbrl.org/2003/arcrole/summation-item" xlink:from="CashAndCashEquivalentsPeriodIncreaseDecrease" xlink:to="NetCashProvidedByUsedInOperatingActivitiesContinuingOperations" xlink:title="calculation: CashAndCashEquivalentsPeriodIncreaseDecrease to NetCashProvidedByUsedInOperatingActivitiesContinuingOperations" order="3.0" weight="1.0" />
  </link:calculationLink>
  <link:calculationLink xlink:type="extended" xlink:role="http://nat.bm/role/RevenueDetails">
    <link:loc xlink:type="locator" xlink:href="http://xbrl.fasb.org/us-gaap/2014/elts/us-gaap-2014-01-31.xsd#us-gaap_CargoAndFreightRevenue" xlink:label="CargoAndFreightRevenue" xlink:title="CargoAndFreightRevenue" />
    <link:loc xlink:type="locator" xlink:href="nat-20141231.xsd#nat_GrossPoolMethodRevenue" xlink:label="GrossPoolMethodRevenue" xlink:title="GrossPoolMethodRevenue" />
    <link:calculationArc xlink:type="arc" xlink:arcrole="http://www.xbrl.org/2003/arcrole/summation-item" xlink:from="CargoAndFreightRevenue" xlink:to="GrossPoolMethodRevenue" xlink:title="calculation: CargoAndFreightRevenue to GrossPoolMethodRevenue" order="4.0" weight="1.0" />
    <link:loc xlink:type="locator" xlink:href="nat-20141231.xsd#nat_NetMethodRevenue" xlink:label="NetMethodRevenue" xlink:title="NetMethodRevenue" />
    <link:calculationArc xlink:type="arc" xlink:arcrole="http://www.xbrl.org/2003/arcrole/summation-item" xlink:from="CargoAndFreightRevenue" xlink:to="NetMethodRevenue" xlink:title="calculation: CargoAndFreightRevenue to NetMethodRevenue" order="1.0" weight="1.0" />
    <link:loc xlink:type="locator" xlink:href="nat-20141231.xsd#nat_GrossMethodRevenue" xlink:label="GrossMethodRevenue" xlink:title="GrossMethodRevenue" />
    <link:calculationArc xlink:type="arc" xlink:arcrole="http://www.xbrl.org/2003/arcrole/summation-item" xlink:from="CargoAndFreightRevenue" xlink:to="GrossMethodRevenue" xlink:title="calculation: CargoAndFreightRevenue to GrossMethodRevenue" order="2.0" weight="1.0" />
  </link:calculationLink>
  <link:calculationLink xlink:type="extended" xlink:role="http://nat.bm/role/GeneralAndAdministrativeExpensesDetails">
    <link:loc xlink:type="locator" xlink:href="http://xbrl.fasb.org/us-gaap/2014/elts/us-gaap-2014-01-31.xsd#us-gaap_GeneralAndAdministrativeExpense" xlink:label="GeneralAndAdministrativeExpense" xlink:title="GeneralAndAdministrativeExpense" />
    <link:loc xlink:type="locator" xlink:href="http://xbrl.fasb.org/us-gaap/2014/elts/us-gaap-2014-01-31.xsd#us-gaap_ProfessionalFees" xlink:label="ProfessionalFees" xlink:title="ProfessionalFees" />
    <link:calculationArc xlink:type="arc" xlink:arcrole="http://www.xbrl.org/2003/arcrole/summation-item" xlink:from="GeneralAndAdministrativeExpense" xlink:to="ProfessionalFees" xlink:title="calculation: GeneralAndAdministrativeExpense to ProfessionalFees" order="3.0" weight="1.0" />
    <link:loc xlink:type="locator" xlink:href="http://xbrl.fasb.org/us-gaap/2014/elts/us-gaap-2014-01-31.xsd#us-gaap_CostsAndExpensesRelatedParty" xlink:label="CostsAndExpensesRelatedParty" xlink:title="CostsAndExpensesRelatedParty" />
    <link:calculationArc xlink:type="arc" xlink:arcrole="http://www.xbrl.org/2003/arcrole/summation-item" xlink:from="GeneralAndAdministrativeExpense" xlink:to="CostsAndExpensesRelatedParty" xlink:title="calculation: GeneralAndAdministrativeExpense to CostsAndExpensesRelatedParty" order="7.0" weight="1.0" />
    <link:loc xlink:type="locator" xlink:href="http://xbrl.fasb.org/us-gaap/2014/elts/us-gaap-2014-01-31.xsd#us-gaap_OtherGeneralAndAdministrativeExpense" xlink:label="OtherGeneralAndAdministrativeExpense" xlink:title="OtherGeneralAndAdministrativeExpense" />
    <link:calculationArc xlink:type="arc" xlink:arcrole="http://www.xbrl.org/2003/arcrole/summation-item" xlink:from="GeneralAndAdministrativeExpense" xlink:to="OtherGeneralAndAdministrativeExpense" xlink:title="calculation: GeneralAndAdministrativeExpense to OtherGeneralAndAdministrativeExpense" order="9.0" weight="1.0" />
    <link:loc xlink:type="locator" xlink:href="http://xbrl.fasb.org/us-gaap/2014/elts/us-gaap-2014-01-31.xsd#us-gaap_SalariesAndWages" xlink:label="SalariesAndWages" xlink:title="SalariesAndWages" />
    <link:calculationArc xlink:type="arc" xlink:arcrole="http://www.xbrl.org/2003/arcrole/summation-item" xlink:from="GeneralAndAdministrativeExpense" xlink:to="SalariesAndWages" xlink:title="calculation: GeneralAndAdministrativeExpense to SalariesAndWages" order="2.0" weight="1.0" />
    <link:loc xlink:type="locator" xlink:href="nat-20141231.xsd#nat_RestrictedSharesPeriodExpense" xlink:label="RestrictedSharesPeriodExpense" xlink:title="RestrictedSharesPeriodExpense" />
    <link:calculationArc xlink:type="arc" xlink:arcrole="http://www.xbrl.org/2003/arcrole/summation-item" xlink:from="GeneralAndAdministrativeExpense" xlink:to="RestrictedSharesPeriodExpense" xlink:title="calculation: GeneralAndAdministrativeExpense to RestrictedSharesPeriodExpense" order="8.0" weight="1.0" />
    <link:loc xlink:type="locator" xlink:href="nat-20141231.xsd#nat_DeferredCompensationArrangementWithIndividualCompensationExpenseAdjustedForCurrencyTranslation" xlink:label="DeferredCompensationArrangementWithIndividualCompensationExpenseAdjustedForCurrencyTranslation" xlink:title="DeferredCompensationArrangementWithIndividualCompensationExpenseAdjustedForCurrencyTranslation" />
    <link:calculationArc xlink:type="arc" xlink:arcrole="http://www.xbrl.org/2003/arcrole/summation-item" xlink:from="GeneralAndAdministrativeExpense" xlink:to="DeferredCompensationArrangementWithIndividualCompensationExpenseAdjustedForCurrencyTranslation" xlink:title="calculation: GeneralAndAdministrativeExpense to DeferredCompensationArrangementWithIndividualCompensationExpenseAdjustedForCurrencyTranslation" order="6.0" weight="1.0" />
    <link:loc xlink:type="locator" xlink:href="http://xbrl.fasb.org/us-gaap/2014/elts/us-gaap-2014-01-31.xsd#us-gaap_GeneralInsuranceExpense" xlink:label="GeneralInsuranceExpense" xlink:title="GeneralInsuranceExpense" />
    <link:calculationArc xlink:type="arc" xlink:arcrole="http://www.xbrl.org/2003/arcrole/summation-item" xlink:from="GeneralAndAdministrativeExpense" xlink:to="GeneralInsuranceExpense" xlink:title="calculation: GeneralAndAdministrativeExpense to GeneralInsuranceExpense" order="1.0" weight="1.0" />
    <link:loc xlink:type="locator" xlink:href="nat-20141231.xsd#nat_RelatedPartyTransactionManagementFee" xlink:label="RelatedPartyTransactionManagementFee" xlink:title="RelatedPartyTransactionManagementFee" />
    <link:calculationArc xlink:type="arc" xlink:arcrole="http://www.xbrl.org/2003/arcrole/summation-item" xlink:from="GeneralAndAdministrativeExpense" xlink:to="RelatedPartyTransactionManagementFee" xlink:title="calculation: GeneralAndAdministrativeExpense to RelatedPartyTransactionManagementFee" order="0.0" weight="1.0" />
    <link:loc xlink:type="locator" xlink:href="nat-20141231.xsd#nat_ShareBasedCompensationIncludedInGeneralAndAdministrativeExpenses" xlink:label="ShareBasedCompensationIncludedInGeneralAndAdministrativeExpenses" xlink:title="ShareBasedCompensationIncludedInGeneralAndAdministrativeExpenses" />
    <link:calculationArc xlink:type="arc" xlink:arcrole="http://www.xbrl.org/2003/arcrole/summation-item" xlink:from="GeneralAndAdministrativeExpense" xlink:to="ShareBasedCompensationIncludedInGeneralAndAdministrativeExpenses" xlink:title="calculation: GeneralAndAdministrativeExpense to ShareBasedCompensationIncludedInGeneralAndAdministrativeExpenses" order="5.0" weight="1.0" />
  </link:calculationLink>
  <link:calculationLink xlink:type="extended" xlink:role="http://nat.bm/role/OtherNoncurrentAssetsDetails">
    <link:loc xlink:type="locator" xlink:href="http://xbrl.fasb.org/us-gaap/2014/elts/us-gaap-2014-01-31.xsd#us-gaap_OtherAssetsNoncurrent" xlink:label="OtherAssetsNoncurrent" xlink:title="OtherAssetsNoncurrent" />
    <link:loc xlink:type="locator" xlink:href="http://xbrl.fasb.org/us-gaap/2014/elts/us-gaap-2014-01-31.xsd#us-gaap_DeferredFinanceCostsNoncurrentNet" xlink:label="DeferredFinanceCostsNoncurrentNet" xlink:title="DeferredFinanceCostsNoncurrentNet" />
    <link:calculationArc xlink:type="arc" xlink:arcrole="http://www.xbrl.org/2003/arcrole/summation-item" xlink:from="OtherAssetsNoncurrent" xlink:to="DeferredFinanceCostsNoncurrentNet" xlink:title="calculation: OtherAssetsNoncurrent to DeferredFinanceCostsNoncurrentNet" order="1.0" weight="1.0" />
    <link:loc xlink:type="locator" xlink:href="nat-20141231.xsd#nat_LongTermDepositNoncurrent" xlink:label="LongTermDepositNoncurrent" xlink:title="LongTermDepositNoncurrent" />
    <link:calculationArc xlink:type="arc" xlink:arcrole="http://www.xbrl.org/2003/arcrole/summation-item" xlink:from="OtherAssetsNoncurrent" xlink:to="LongTermDepositNoncurrent" xlink:title="calculation: OtherAssetsNoncurrent to LongTermDepositNoncurrent" order="5.0" weight="1.0" />
    <link:loc xlink:type="locator" xlink:href="http://xbrl.fasb.org/us-gaap/2014/elts/us-gaap-2014-01-31.xsd#us-gaap_PropertyPlantAndEquipmentNet" xlink:label="PropertyPlantAndEquipmentNet" xlink:title="PropertyPlantAndEquipmentNet" />
    <link:calculationArc xlink:type="arc" xlink:arcrole="http://www.xbrl.org/2003/arcrole/summation-item" xlink:from="OtherAssetsNoncurrent" xlink:to="PropertyPlantAndEquipmentNet" xlink:title="calculation: OtherAssetsNoncurrent to PropertyPlantAndEquipmentNet" order="3.0" weight="1.0" />
    <link:loc xlink:type="locator" xlink:href="nat-20141231.xsd#nat_WarrantsNonCurrent" xlink:label="WarrantsNonCurrent" xlink:title="WarrantsNonCurrent" />
    <link:calculationArc xlink:type="arc" xlink:arcrole="http://www.xbrl.org/2003/arcrole/summation-item" xlink:from="OtherAssetsNoncurrent" xlink:to="WarrantsNonCurrent" xlink:title="calculation: OtherAssetsNoncurrent to WarrantsNonCurrent" order="4.0" weight="1.0" />
  </link:calculationLink>
  <link:calculationLink xlink:type="extended" xlink:role="http://nat.bm/role/InvestmentsDetails">
    <link:loc xlink:type="locator" xlink:href="http://xbrl.fasb.org/us-gaap/2014/elts/us-gaap-2014-01-31.xsd#us-gaap_BusinessCombinationRecognizedIdentifiableAssetsAcquiredAndLiabilitiesAssumedNet" xlink:label="BusinessCombinationRecognizedIdentifiableAssetsAcquiredAndLiabilitiesAssumedNet" xlink:title="BusinessCombinationRecognizedIdentifiableAssetsAcquiredAndLiabilitiesAssumedNet" />
    <link:loc xlink:type="locator" xlink:href="http://xbrl.fasb.org/us-gaap/2014/elts/us-gaap-2014-01-31.xsd#us-gaap_BusinessCombinationRecognizedIdentifiableAssetsAcquiredAndLiabilitiesAssumedAssets" xlink:label="BusinessCombinationRecognizedIdentifiableAssetsAcquiredAndLiabilitiesAssumedAssets" xlink:title="BusinessCombinationRecognizedIdentifiableAssetsAcquiredAndLiabilitiesAssumedAssets" />
    <link:calculationArc xlink:type="arc" xlink:arcrole="http://www.xbrl.org/2003/arcrole/summation-item" xlink:from="BusinessCombinationRecognizedIdentifiableAssetsAcquiredAndLiabilitiesAssumedNet" xlink:to="BusinessCombinationRecognizedIdentifiableAssetsAcquiredAndLiabilitiesAssumedAssets" xlink:title="calculation: BusinessCombinationRecognizedIdentifiableAssetsAcquiredAndLiabilitiesAssumedNet to BusinessCombinationRecognizedIdentifiableAssetsAcquiredAndLiabilitiesAssumedAssets" order="1.0" weight="1.0" />
    <link:loc xlink:type="locator" xlink:href="http://xbrl.fasb.org/us-gaap/2014/elts/us-gaap-2014-01-31.xsd#us-gaap_BusinessCombinationRecognizedIdentifiableAssetsAcquiredAndLiabilitiesAssumedCurrentLiabilities" xlink:label="BusinessCombinationRecognizedIdentifiableAssetsAcquiredAndLiabilitiesAssumedCurrentLiabilities" xlink:title="BusinessCombinationRecognizedIdentifiableAssetsAcquiredAndLiabilitiesAssumedCurrentLiabilities" />
    <link:calculationArc xlink:type="arc" xlink:arcrole="http://www.xbrl.org/2003/arcrole/summation-item" xlink:from="BusinessCombinationRecognizedIdentifiableAssetsAcquiredAndLiabilitiesAssumedNet" xlink:to="BusinessCombinationRecognizedIdentifiableAssetsAcquiredAndLiabilitiesAssumedCurrentLiabilities" xlink:title="calculation: BusinessCombinationRecognizedIdentifiableAssetsAcquiredAndLiabilitiesAssumedNet to BusinessCombinationRecognizedIdentifiableAssetsAcquiredAndLiabilitiesAssumedCurrentLiabilities" order="2.0" weight="-1.0" />
    <link:loc xlink:type="locator" xlink:href="http://xbrl.fasb.org/us-gaap/2014/elts/us-gaap-2014-01-31.xsd#us-gaap_BusinessCombinationConsiderationTransferred1" xlink:label="BusinessCombinationConsiderationTransferred1" xlink:title="BusinessCombinationConsiderationTransferred1" />
    <link:loc xlink:type="locator" xlink:href="http://xbrl.fasb.org/us-gaap/2014/elts/us-gaap-2014-01-31.xsd#us-gaap_BusinessCombinationConsiderationTransferredLiabilitiesIncurred" xlink:label="BusinessCombinationConsiderationTransferredLiabilitiesIncurred" xlink:title="BusinessCombinationConsiderationTransferredLiabilitiesIncurred" />
    <link:calculationArc xlink:type="arc" xlink:arcrole="http://www.xbrl.org/2003/arcrole/summation-item" xlink:from="BusinessCombinationConsiderationTransferred1" xlink:to="BusinessCombinationConsiderationTransferredLiabilitiesIncurred" xlink:title="calculation: BusinessCombinationConsiderationTransferred1 to BusinessCombinationConsiderationTransferredLiabilitiesIncurred" order="2.0" weight="1.0" />
    <link:loc xlink:type="locator" xlink:href="http://xbrl.fasb.org/us-gaap/2014/elts/us-gaap-2014-01-31.xsd#us-gaap_PaymentsToAcquireBusinessesGross" xlink:label="PaymentsToAcquireBusinessesGross" xlink:title="PaymentsToAcquireBusinessesGross" />
    <link:calculationArc xlink:type="arc" xlink:arcrole="http://www.xbrl.org/2003/arcrole/summation-item" xlink:from="BusinessCombinationConsiderationTransferred1" xlink:to="PaymentsToAcquireBusinessesGross" xlink:title="calculation: BusinessCombinationConsiderationTransferred1 to PaymentsToAcquireBusinessesGross" order="1.0" weight="1.0" />
    <link:loc xlink:type="locator" xlink:href="http://xbrl.fasb.org/us-gaap/2014/elts/us-gaap-2014-01-31.xsd#us-gaap_BusinessCombinationConsiderationTransferredEquityInterestsIssuedAndIssuable" xlink:label="BusinessCombinationConsiderationTransferredEquityInterestsIssuedAndIssuable" xlink:title="BusinessCombinationConsiderationTransferredEquityInterestsIssuedAndIssuable" />
    <link:calculationArc xlink:type="arc" xlink:arcrole="http://www.xbrl.org/2003/arcrole/summation-item" xlink:from="BusinessCombinationConsiderationTransferred1" xlink:to="BusinessCombinationConsiderationTransferredEquityInterestsIssuedAndIssuable" xlink:title="calculation: BusinessCombinationConsiderationTransferred1 to BusinessCombinationConsiderationTransferredEquityInterestsIssuedAndIssuable" order="3.0" weight="1.0" />
  </link:calculationLink>
  <link:calculationLink xlink:type="extended" xlink:role="http://nat.bm/role/AccruedLiabilitiesDetails">
    <link:loc xlink:type="locator" xlink:href="http://xbrl.fasb.org/us-gaap/2014/elts/us-gaap-2014-01-31.xsd#us-gaap_AccruedLiabilitiesCurrent" xlink:label="AccruedLiabilitiesCurrent" xlink:title="AccruedLiabilitiesCurrent" />
    <link:loc xlink:type="locator" xlink:href="http://xbrl.fasb.org/us-gaap/2014/elts/us-gaap-2014-01-31.xsd#us-gaap_InterestPayableCurrent" xlink:label="InterestPayableCurrent" xlink:title="InterestPayableCurrent" />
    <link:calculationArc xlink:type="arc" xlink:arcrole="http://www.xbrl.org/2003/arcrole/summation-item" xlink:from="AccruedLiabilitiesCurrent" xlink:to="InterestPayableCurrent" xlink:title="calculation: AccruedLiabilitiesCurrent to InterestPayableCurrent" order="1.0" weight="1.0" />
    <link:loc xlink:type="locator" xlink:href="http://xbrl.fasb.org/us-gaap/2014/elts/us-gaap-2014-01-31.xsd#us-gaap_OtherAccruedLiabilitiesCurrent" xlink:label="OtherAccruedLiabilitiesCurrent" xlink:title="OtherAccruedLiabilitiesCurrent" />
    <link:calculationArc xlink:type="arc" xlink:arcrole="http://www.xbrl.org/2003/arcrole/summation-item" xlink:from="AccruedLiabilitiesCurrent" xlink:to="OtherAccruedLiabilitiesCurrent" xlink:title="calculation: AccruedLiabilitiesCurrent to OtherAccruedLiabilitiesCurrent" order="2.0" weight="1.0" />
    <link:loc xlink:type="locator" xlink:href="http://xbrl.fasb.org/us-gaap/2014/elts/us-gaap-2014-01-31.xsd#us-gaap_DeferredRevenueCurrent" xlink:label="DeferredRevenueCurrent" xlink:title="DeferredRevenueCurrent" />
    <link:calculationArc xlink:type="arc" xlink:arcrole="http://www.xbrl.org/2003/arcrole/summation-item" xlink:from="AccruedLiabilitiesCurrent" xlink:to="DeferredRevenueCurrent" xlink:title="calculation: AccruedLiabilitiesCurrent to DeferredRevenueCurrent" order="3.0" weight="1.0" />
  </link:calculationLink>
  <link:calculationLink xlink:type="extended" xlink:role="http://nat.bm/role/EarningsLossPerShareDetails">
    <link:loc xlink:type="locator" xlink:href="http://xbrl.fasb.org/us-gaap/2014/elts/us-gaap-2014-01-31.xsd#us-gaap_WeightedAverageNumberOfDilutedSharesOutstanding" xlink:label="WeightedAverageNumberOfDilutedSharesOutstanding" xlink:title="WeightedAverageNumberOfDilutedSharesOutstanding" />
    <link:loc xlink:type="locator" xlink:href="http://xbrl.fasb.org/us-gaap/2014/elts/us-gaap-2014-01-31.xsd#us-gaap_WeightedAverageNumberOfSharesOutstandingBasic" xlink:label="WeightedAverageNumberOfSharesOutstandingBasic" xlink:title="WeightedAverageNumberOfSharesOutstandingBasic" />
    <link:calculationArc xlink:type="arc" xlink:arcrole="http://www.xbrl.org/2003/arcrole/summation-item" xlink:from="WeightedAverageNumberOfDilutedSharesOutstanding" xlink:to="WeightedAverageNumberOfSharesOutstandingBasic" xlink:title="calculation: WeightedAverageNumberOfDilutedSharesOutstanding to WeightedAverageNumberOfSharesOutstandingBasic" order="1.0" weight="1.0" />
  </link:calculationLink>
</link:linkbase>
